x,y,z,r
8.85649, -13.00788, -1.18328, 5.0
-16.16038, -2.75866, -2.90022, 1.0
-13.07871, -4.45715, -11.76171, 1.0
13.02664, -15.211, -6.30019, 1.0
-13.41626, 0.31314, -12.80621, 1.0
8.29079, 17.99154, 14.65099, 2.0
-11.71433, -13.21669, -17.69351, 2.0
15.92308, -16.86405, 7.61505, 1.0
-11.36419, 18.95178, -12.28039, 1.0
-11.73415, 12.2551, -7.02821, 1.0
18.99957, -0.59129, -9.41875, 1.0
-18.91786, -3.89957, 14.19467, 1.0
-0.67669, -0.22764, -18.97505, 1.0
-17.58656, -2.05151, -18.99581, 1.0
17.52157, -18.9899, 5.56445, 1.0
-18.99668, -12.62815, -2.95046, 1.0
-17.99905, -2.88415, 16.86412, 2.0
-13.78424, 15.11099, 14.68471, 1.0
-16.38362, -17.99419, 11.4015, 2.0
12.03125, -6.86604, -0.7502, 1.0
-10.99772, -17.99806, 5.0743, 2.0
-13.99373, -0.63497, -0.60999, 2.0
-17.99995, -0.97442, -13.37111, 2.0
-18.89174, 6.23608, 1.58707, 1.0
-18.96723, -6.37063, 0.18092, 1.0
2.59701, -17.9989, -12.0227, 2.0
-6.07173, 11.93457, -6.4989, 2.0
-15.66867, -14.50518, 18.99987, 1.0
-18.99907, -11.2191, -15.5125, 1.0
4.57227, 18.3016, 3.8082, 1.0
2.21705, 4.51352, -12.95043, 1.0
-16.01436, 3.14433, -15.82905, 1.0
-9.07882, -16.40888, 1.74357, 2.0
-11.14497, 1.73333, -18.95206, 1.0
-12.45529, -1.01257, -11.64221, 1.0
-18.99262, -2.93202, -11.31037, 1.0
19.0, 1.08011, -6.2372, 1.0
-14.70881, 3.09661, -14.01638, 1.0
2.26818, -8.69711, -18.99786, 1.0
-18.65952, 17.00792, -18.99727, 1.0
-15.79536, 14.78608, -14.17738, 1.0
-18.96818, -12.21057, 12.95209, 1.0
13.44902, 10.11389, -7.43439, 1.0
-8.17956, 15.21497, 4.03539, 1.0
-12.24973, -16.85946, -11.69004, 1.0
18.99974, 3.68221, 17.55968, 1.0
-18.99371, 3.36015, 4.27224, 1.0
-11.70017, 11.7994, -16.09134, 2.0
-11.23287, 18.97972, 6.11498, 1.0
10.31597, -9.48474, 7.16924, 1.0
12.65867, 17.60297, 19.0, 1.0
-18.99978, -17.32795, 3.73096, 1.0
-18.99976, -12.10672, 9.0072, 1.0
-16.99701, 17.32741, -17.91964, 1.0
-18.96924, -5.653, 11.68585, 1.0
-18.99944, -11.17844, -13.5049, 1.0
14.96452, 4.11451, -18.5607, 1.0
-16.43062, -1.31815, -8.62234, 1.0
-18.90939, -15.16482, -15.02387, 1.0
-1.62897, -13.79558, 16.08409, 1.0
-18.69333, -3.34608, 8.47018, 1.0
-13.46025, 6.19226, 5.053, 1.0
-18.90084, -18.32216, -13.66276, 1.0
-18.97721, -8.86493, 14.19328, 1.0
-17.97954, -9.81179, -3.1486, 2.0
-6.28725, -17.14546, -18.20891, 1.0
-18.99751, -1.32953, -17.7574, 1.0
16.24586, 2.48354, 8.42498, 1.0
7.0139, 1.85338, -1.25865, 1.0
-3.2284, -1.78577, -5.67066, 1.0
-18.99953, 16.52514, 12.40515, 1.0
-16.65521, 8.62321, 3.90556, 1.0
-13.97304, -18.99976, 6.67963, 1.0
13.04515, -3.1621, -7.00638, 1.0
10.81165, -6.36338, -8.28469, 1.0
5.96866, -16.54165, -18.99571, 1.0
-15.93581, 10.69533, -17.38011, 1.0
-11.62569, -0.38711, -13.35863, 1.0
14.57528, 1.57747, 7.79889, 1.0
-11.88924, -18.99937, -18.87618, 1.0
14.79139, 17.20482, 8.28135, 1.0
7.97547, 14.57109, -4.46498, 2.0
-18.96753, -6.74738, 10.01127, 1.0
14.66211, -14.83177, -3.00148, 1.0
16.24599, -4.73639, 18.99819, 1.0
-18.04023, 9.3088, 1.8808, 1.0
14.28372, 0.47499, 5.79577, 1.0
-16.77627, -2.85424, -15.36947, 1.0
-0.98578, -18.9967, -17.15423, 1.0
-17.82593, -5.31877, 13.29459, 1.0
-6.17795, -18.62348, -13.65681, 1.0
-18.33239, 15.20052, -5.33932, 1.0
16.3366, -16.53512, 2.23678, 1.0
-14.58255, -6.48669, 6.64479, 1.0
-17.08512, -1.97891, 5.84906, 1.0
-17.96002, 18.99982, 3.56408, 1.0
-17.96015, 7.66376, -9.76105, 1.0
-18.91561, -4.15194, -15.65154, 1.0
-14.46276, 14.1232, -7.65058, 1.0
-17.77484, -2.46199, 0.25203, 2.0
13.05664, 18.80599, -0.65274, 1.0
-13.03675, -11.18862, -15.91872, 1.0
-17.07143, -15.93373, 18.99096, 1.0
15.88729, 5.01506, 7.8093, 1.0
-17.29923, 8.74602, 6.94254, 1.0
-15.90566, -3.29824, -9.96801, 1.0
-15.41331, 15.30515, -10.76448, 1.0
-12.78484, -17.134, -13.87381, 1.0
15.41443, -4.13259, 10.17302, 1.0
-12.06734, 8.27293, -18.55272, 1.0
8.81348, -13.53523, -15.09446, 1.0
-16.36216, -18.98135, 4.85241, 1.0
15.05346, -17.22263, 3.61913, 1.0
-15.15667, 12.4493, -18.99347, 1.0
-18.91713, -14.71789, 0.08466, 1.0
7.17073, 18.37816, -5.14661, 1.0
12.51057, -0.40002, 3.7899, 1.0
8.34175, 4.37088, -10.98662, 2.0
-18.98503, 0.94022, -8.61764, 1.0
-17.70354, -15.36593, -18.99922, 1.0
12.30132, 12.75507, -18.99897, 1.0
-18.97959, 9.39425, -18.98268, 1.0
14.37102, 18.99978, -7.38178, 1.0
15.63251, 2.6255, 3.47864, 1.0
17.7328, -17.68889, -3.13195, 1.0
-18.58405, -18.04027, 13.44609, 1.0
4.36341, 6.45102, -18.99731, 1.0
-18.59683, 7.703, 2.93864, 1.0
15.12398, -15.12, 4.87001, 1.0
-1.98083, 14.59708, -18.99181, 1.0
-17.0196, 14.08348, -12.75775, 1.0
-18.99961, -18.98388, 17.91418, 1.0
-17.99932, -0.4758, 9.03786, 2.0
-6.97283, 18.99858, -13.70604, 1.0
10.34555, 9.36383, 13.93435, 1.0
13.61208, -7.50644, 10.3573, 1.0
-11.96156, -16.73821, 2.51532, 1.0
18.99996, -7.0012, 3.12359, 1.0
-13.04646, -18.99232, 9.44827, 1.0
-16.87717, -15.34946, -8.51473, 1.0
-13.67378, -17.42839, -10.40414, 1.0
-18.98456, -0.35835, 18.99517, 1.0
-14.02667, -0.22621, -18.99873, 1.0
-16.22339, -14.07715, 10.05846, 1.0
-12.69631, 8.12284, -0.57765, 5.0
-17.16628, -11.09175, 15.08043, 2.0
-16.20732, 17.99833, 9.25058, 2.0
-17.68139, 17.89781, -14.49011, 1.0
-17.99743, 14.1411, 7.18954, 2.0
-15.24772, -4.12587, 4.83622, 2.0
-14.35187, 1.44963, -15.19511, 1.0
2.29543, -14.21401, 4.48831, 1.0
-15.72921, -14.61951, -5.83684, 2.0
-18.53564, -18.99725, -9.45738, 1.0
-18.66583, -18.92951, 5.19248, 1.0
-13.15494, -9.45143, -17.14265, 1.0
-8.53689, 0.8321, -7.59933, 1.0
-16.87633, 7.22847, -14.95036, 1.0
-5.88042, 0.28327, -18.20762, 1.0
-11.75714, 2.5599, -13.90857, 2.0
7.7411, -14.26305, -11.40989, 1.0
-13.72281, 16.15514, -9.36703, 1.0
17.09009, 3.06651, -10.53847, 1.0
-14.01046, 17.01843, -17.81392, 2.0
-17.9961, 5.9889, 5.32876, 2.0
-17.87754, -12.54181, -17.9857, 2.0
-17.35542, -3.79922, -4.12234, 1.0
-17.98295, -18.99909, 3.31188, 1.0
14.90271, 16.38145, -0.01382, 1.0
-18.98037, -18.98207, -18.99963, 1.0
-18.93892, -14.2443, 12.88655, 1.0
-18.99138, -18.68288, 7.64368, 1.0
-18.96166, -12.45378, -11.95052, 1.0
-17.40424, 4.0442, -10.44169, 1.0
14.33003, 8.1727, 16.3472, 1.0
-13.73701, -10.57277, -10.10558, 1.0
-16.34402, 4.70994, -17.28671, 1.0
-15.57998, -1.92139, -18.99818, 1.0
-18.96741, -11.24322, -0.11021, 1.0
13.80722, 17.8148, 16.23488, 2.0
18.99979, -18.73592, 6.89465, 1.0
-18.98564, -2.17265, -15.93933, 1.0
-15.79788, -16.59187, -17.26635, 1.0
-18.99232, 18.92303, -0.92892, 1.0
-11.18495, -2.68864, -6.9358, 1.0
-17.31721, 16.0343, -6.85631, 1.0
-18.9461, -7.66277, -15.6821, 1.0
-16.91312, 11.36405, -18.99953, 1.0
-18.98863, -16.33323, -13.39726, 1.0
-16.66397, 17.06563, 18.99738, 1.0
-15.0745, 3.12766, -17.60492, 1.0
-15.1948, -1.4606, 6.24819, 1.0
-17.28404, -5.44551, 10.62404, 1.0
-18.58817, 18.14575, 5.26642, 1.0
-18.90232, -17.31463, -10.47694, 1.0
-18.99961, -15.61576, -3.17861, 1.0
-16.91901, 17.89496, -10.59573, 2.0
-15.56412, -10.88397, -17.03683, 1.0
-17.56552, -13.28996, -8.87347, 1.0
-18.58703, 7.02623, -0.22708, 1.0
-16.29389, -3.79816, -18.94969, 1.0
-13.86248, 4.7922, -18.98576, 1.0
15.03262, 17.20034, -9.54965, 1.0
-18.99183, 18.9978, 14.16487, 1.0
17.09355, 17.60666, 11.44012, 1.0
-16.55056, -17.25989, -15.52966, 1.0
-18.48618, -3.75994, 12.22416, 1.0
-18.65735, -17.28557, 9.57569, 1.0
-18.29909, 3.02747, -18.92165, 1.0
18.99975, -16.2323, 15.55338, 1.0
-17.62744, 10.61554, -2.91936, 1.0
-18.8047, -1.95389, 13.74385, 1.0
-11.27935, -12.82408, -5.61061, 2.0
-16.74837, -4.32118, -11.46734, 1.0
17.36667, 9.20198, 13.08455, 1.0
-10.99688, -15.19776, 3.71039, 1.0
-18.20677, -9.70626, -18.99813, 1.0
17.43959, -2.56686, 18.37569, 1.0
13.11037, -4.83661, 0.73656, 1.0
-14.98854, 8.77333, -17.08347, 1.0
-18.99958, 18.99986, 7.04549, 1.0
-18.33211, 17.12532, 15.44761, 1.0
-17.11794, -11.48771, -14.15386, 1.0
-13.17574, -17.53265, -18.43144, 1.0
-14.654, -3.35645, -17.14484, 1.0
-10.91679, 4.89003, -15.68441, 1.0
11.65342, -3.57923, -5.60985, 1.0
-18.95446, 18.99965, -18.97381, 1.0
10.09304, -8.12997, 8.62868, 1.0
-7.23338, -8.60406, -18.99929, 1.0
4.8488, -13.86268, -17.92113, 2.0
-17.28046, 12.22114, -4.07109, 1.0
-13.30956, -15.7537, -17.3482, 1.0
-18.85099, 17.01657, 7.2581, 1.0
-14.15544, -8.7345, -15.566, 1.0
12.95793, -4.33093, -3.6658, 1.0
-18.72341, 18.99716, 16.15505, 1.0
-17.31073, -7.52015, 3.16781, 1.0
-7.93378, 11.34451, -18.93268, 1.0
-16.75211, -4.80901, -14.94527, 1.0
-18.81255, 16.25565, 17.47305, 1.0
11.81284, -18.99719, 13.44067, 1.0
-12.4295, -15.18398, -13.56426, 1.0
15.91661, -18.99985, 3.29101, 1.0
-15.61066, 8.76674, -15.18001, 1.0
-18.98607, -6.74769, -18.99099, 1.0
-11.37612, 5.81544, -18.98009, 1.0
-13.50279, -1.96758, -8.75267, 2.0
-5.18542, 13.43752, -18.9891, 1.0
-18.07771, 1.8797, -12.43921, 1.0
-17.32909, -18.82708, 14.81214, 1.0
-18.9961, -11.4617, 11.08242, 1.0
14.69422, 1.67772, 0.00136, 1.0
-18.39025, 1.74159, -15.68299, 1.0
-9.21292, 1.00337, -14.23305, 1.0
-18.37902, -18.9928, -11.45502, 1.0
-18.86182, -17.67965, -7.9809, 1.0
-15.04725, -2.46037, 17.19356, 1.0
5.95304, 13.90333, -10.89313, 1.0
-10.295, -16.96953, -15.0692, 1.0
13.68261, -6.97081, 0.37347, 1.0
7.19614, -18.89854, -1.4285, 1.0
8.45018, -15.04837, 18.91512, 1.0
-14.82472, 15.20957, 18.98975, 1.0
11.18629, -16.55552, -10.24698, 1.0
4.07008, -11.2347, 4.48497, 1.0
15.99969, -0.15827, -11.48599, 2.0
5.76752, -14.41519, -7.10561, 1.0
-18.46774, -5.71642, -17.11872, 1.0
-18.7464, 12.3661, -11.85469, 1.0
13.35753, -10.15851, -11.85384, 1.0
12.76729, 11.17823, -5.88313, 1.0
14.89509, 4.64549, 2.86305, 1.0
-7.59827, 0.5547, -16.41247, 1.0
-15.99249, 2.94741, -9.5413, 1.0
14.05723, -8.42817, -7.84321, 1.0
14.07986, 12.90134, -6.93569, 1.0
-6.93266, -7.58676, -15.87067, 1.0
2.28549, -16.6585, -9.35626, 1.0
11.64954, 18.9991, 17.97173, 1.0
15.11221, 18.9286, 7.31421, 1.0
-13.51767, 8.6571, 17.89376, 2.0
-11.7393, -3.62589, -18.9968, 1.0
-9.28327, 3.9608, -14.99848, 1.0
-18.80375, -13.03499, -0.99718, 1.0
12.67352, -1.1629, 1.88858, 1.0
-15.66319, -18.94836, -3.23999, 1.0
9.39803, 7.32516, -1.89465, 5.0
-16.05812, -1.53864, -5.64541, 2.0
-15.81751, -6.51216, 14.45399, 1.0
-18.96041, 18.99989, -4.50325, 1.0
-17.21922, -7.41641, 0.28933, 1.0
-18.92348, -13.57687, 10.99972, 1.0
-16.37585, 18.99807, 2.31704, 1.0
-16.40847, 17.27143, -16.00625, 1.0
-13.19139, 6.67932, -18.9973, 1.0
-18.99758, -1.07909, -10.54264, 1.0
-16.71123, -6.39124, -5.50725, 2.0
-17.63891, 3.50132, 1.58735, 2.0
-15.66839, -16.27926, -9.93524, 1.0
-16.91247, 6.70131, 10.65934, 2.0
-17.3519, -9.0091, 11.64521, 2.0
4.83577, 4.71181, 9.05273, 1.0
-14.74206, -1.35565, -16.95822, 1.0
14.05418, -6.03184, -3.83077, 1.0
-17.7035, -5.97227, 7.40083, 2.0
-10.16595, 17.2643, -16.76059, 1.0
7.57025, -12.64104, 18.99869, 1.0
-16.74496, 0.64454, -17.95472, 2.0
-17.99871, 4.63437, -13.64835, 2.0
-18.15815, -0.98476, 11.99529, 1.0
8.95893, 5.05172, 17.98719, 2.0
-15.02089, 16.33996, -12.43194, 1.0
5.94053, -11.32234, 3.78225, 1.0
-9.33956, 14.22984, 2.73073, 1.0
-13.16143, -18.99707, -15.45662, 1.0
-18.99079, 16.8731, 9.30125, 1.0
-13.10893, 2.09178, -18.81212, 1.0
-18.99695, 18.99993, 18.1469, 1.0
-10.72241, 18.99493, -10.38141, 1.0
-17.05089, -15.06938, 11.58899, 1.0
-14.06763, 1.79386, 1.1497, 1.0
-16.40539, 3.66969, -18.99685, 1.0
-18.97196, -16.94053, -18.97836, 1.0
-3.46053, 13.24758, -17.99403, 1.0
-18.99953, -2.14801, -5.61668, 1.0
-16.06464, -15.85463, -12.9235, 2.0
-17.18734, 15.03966, 12.30831, 1.0
-15.00623, 6.34315, -18.21762, 1.0
13.69548, -17.74854, 18.98265, 1.0
-17.37566, -10.68948, -11.18443, 1.0
-15.11402, 15.99514, -7.93663, 1.0
-16.94291, -6.65578, -15.70371, 1.0
-18.86055, -4.93071, 1.57364, 1.0
-14.2684, -16.89304, -3.98669, 1.0
-18.32813, -5.94972, -14.43539, 1.0
5.42377, 12.74819, 6.68547, 1.0
-16.21163, -9.43555, -14.50473, 1.0
15.85542, 6.08138, 11.28048, 1.0
-13.48433, 9.61671, -18.99548, 1.0
-15.91313, -10.4868, -18.99885, 1.0
-18.98834, 17.0319, -4.86455, 1.0
-16.60728, -11.63142, -9.44958, 1.0
-18.99747, -15.27101, -17.40564, 1.0
17.37462, -5.42766, -12.39047, 1.0
9.95782, 17.86758, 18.99653, 1.0
-14.29298, 5.75349, -15.35833, 2.0
-1.09179, -7.69167, -16.75384, 1.0
-15.64519, 17.26731, -14.15297, 1.0
-18.99503, 11.39524, -4.70496, 1.0
-13.72087, 2.43354, -11.63576, 1.0
-13.89027, 4.80431, -11.451, 1.0
-18.93113, -6.96924, 13.53815, 1.0
-14.9479, -3.91912, -12.24144, 1.0
-18.98598, 15.01157, 10.05258, 1.0
9.71398, 2.69366, 1.92047, 1.0
-18.92211, 12.80881, -14.80039, 1.0
5.15806, -4.33817, -18.99793, 1.0
-12.91664, -5.05437, -16.16366, 1.0
-18.99212, -4.8412, -1.11105, 1.0
9.19218, -7.89318, -5.9643, 2.0
-14.55654, -17.80521, 1.99534, 1.0
-15.81588, 16.74089, 15.9938, 1.0
-16.51538, -2.49184, -17.32146, 1.0
-17.23905, 8.40313, -18.99822, 1.0
-18.66572, -9.44032, -16.73342, 1.0
-18.06943, 18.935, -2.70939, 1.0
-12.08153, 18.99722, -18.98583, 1.0
-15.21377, -18.99616, -9.16276, 1.0
-10.50944, -18.99861, 2.2505, 1.0
-17.04726, 5.57015, -18.99681, 1.0
9.54268, 3.88929, 6.94034, 1.0
-15.97864, -7.03626, 4.75192, 1.0
-12.11282, -15.60966, -15.49844, 1.0
-17.7004, 10.73537, -16.43786, 1.0
-16.88156, -5.59839, 2.7958, 1.0
-15.04646, -18.44228, -17.15402, 1.0
13.07436, -8.31, 7.06063, 2.0
-9.38431, 10.31276, 17.26263, 1.0
-14.72248, 17.95441, -7.72448, 1.0
-9.03811, 12.36209, -6.66597, 1.0
-6.28872, -17.21979, 0.98995, 1.0
-18.28624, 7.43045, 8.08977, 1.0
-16.8901, -17.68363, -10.67226, 1.0
-18.94703, -7.00481, -3.6012, 1.0
-17.85647, -5.09693, -18.93146, 1.0
9.30415, 18.90591, -2.03934, 1.0
17.6032, 13.80113, -15.11971, 1.0
-18.32799, -5.18165, -3.04496, 1.0
-18.75352, -8.91338, 6.98395, 1.0
-14.24961, -14.16348, -18.99519, 1.0
-16.83874, -9.42504, -17.56166, 1.0
-18.99984, 3.00417, -11.06392, 1.0
-18.67184, 3.17272, -2.17581, 1.0
-18.92242, 12.73962, -3.04915, 1.0
-18.98822, -12.86915, 1.09837, 1.0
15.88967, 1.78745, 5.29531, 1.0
-10.80434, -18.99967, -15.13396, 1.0
-13.76793, 0.85014, -17.32644, 1.0
-16.63977, 11.22706, -13.66201, 2.0
15.18117, 10.67189, -17.51944, 1.0
-17.21873, 8.34126, -11.66996, 1.0
-15.48421, 11.5776, -10.91348, 1.0
11.69271, -14.72724, 18.9978, 1.0
-18.9988, -3.43613, -18.68233, 1.0
18.99971, 12.37467, -2.06274, 1.0
-18.70206, 16.95407, 2.85538, 1.0
-15.62255, 9.50789, -11.34718, 1.0
14.71996, 17.94319, -14.56917, 1.0
6.50368, -18.78105, -3.30583, 1.0
-14.34464, -2.10684, -11.62926, 1.0
15.03103, 18.98327, -17.252, 1.0
-16.59522, 15.19232, -3.95356, 1.0
-18.27494, -0.07399, -7.04088, 1.0
10.4801, -13.58583, -10.38783, 2.0
-18.99404, -10.12992, -6.40473, 1.0
5.12452, 18.99388, 7.35922, 1.0
14.4807, -18.01425, -14.47817, 1.0
-12.73334, 18.99294, -13.7596, 1.0
2.89489, -18.99533, -2.04863, 1.0
8.0241, -6.20364, -3.77066, 1.0
-16.44595, 18.99907, -13.34874, 1.0
-14.65213, 18.99324, -14.35472, 1.0
14.10808, -10.13531, 4.3421, 1.0
-14.47114, -11.93814, -8.67404, 1.0
-18.99778, -18.6853, -15.64192, 1.0
-7.14011, -3.7681, -11.23939, 5.0
-13.32692, -2.62428, -14.40851, 2.0
8.36925, -11.08221, 5.5291, 2.0
-15.19549, -0.42442, -15.237, 1.0
-9.27842, 16.32853, -1.18117, 1.0
-18.98724, 18.99688, 9.80659, 1.0
-14.44838, 14.98963, -15.64685, 1.0
-17.86954, 10.97491, 0.47988, 1.0
-18.13214, -16.1347, 12.98009, 1.0
-6.96358, 5.81045, -17.30898, 1.0
-17.84522, -17.99307, -5.17226, 2.0
-17.98239, 5.80839, -2.22175, 1.0
-8.80513, -18.95334, -15.0869, 1.0
-16.91235, 13.66971, -16.86495, 2.0
-18.71291, 6.23695, -17.34656, 1.0
-13.60713, 12.6555, 17.99093, 2.0
-18.93878, 7.34698, -18.9998, 1.0
13.85848, -9.31202, -3.10862, 1.0
-16.02277, 16.67555, 4.30446, 2.0
-13.7817, 18.99888, 16.19445, 1.0
8.2256, 17.6964, -0.28401, 1.0
-17.99364, -7.10433, 16.43441, 2.0
11.06062, 6.46323, 13.60903, 2.0
-16.67671, -17.08484, -18.99953, 1.0
-11.72023, -5.75928, 6.11336, 2.0
13.11445, 18.9694, 7.40228, 1.0
-13.44068, -18.99918, 11.40942, 1.0
-13.69656, 17.22635, -14.83527, 1.0
-4.48539, 11.48073, 4.95921, 1.0
-14.91224, -16.1205, -18.99981, 1.0
-15.45241, -13.16992, -15.13698, 1.0
-18.89291, -6.52073, -10.20294, 1.0
4.84262, 5.95842, -15.48134, 1.0
5.35201, -4.4023, 7.98054, 2.0
14.77536, -8.51838, -5.97695, 1.0
-11.203, 18.93312, -17.17672, 1.0
17.52362, -11.38298, 18.84413, 1.0
-12.91366, 0.12709, -15.63601, 1.0
-18.17859, -14.05166, -11.03537, 1.0
18.19991, -15.79455, -6.86798, 1.0
-18.85758, 2.34463, 8.45642, 1.0
-15.45969, -1.37058, 3.65946, 1.0
-17.20614, -18.98306, 16.80485, 1.0
14.43759, -11.64136, 5.7451, 1.0
-12.9088, 18.94506, -6.93115, 1.0
13.24683, 18.99721, -11.41603, 1.0
-6.30971, 1.59678, -13.8166, 1.0
-15.28817, -18.99664, -14.81337, 1.0
-18.391, -9.21562, -0.23587, 1.0
-17.9273, -7.74068, -17.48844, 1.0
-18.99106, 9.62938, 6.33512, 1.0
10.00212, -15.5104, 6.19405, 1.0
-18.45209, 9.34472, 4.40843, 1.0
-18.99026, 15.9629, -11.59182, 1.0
-9.15954, 3.35903, 0.32345, 1.0
6.4752, 15.24435, -0.2468, 2.0
-18.0351, -17.20015, -17.1087, 1.0
-0.39003, -18.16981, -12.24974, 1.0
-14.00151, 17.31471, -10.98506, 1.0
-15.58683, -4.03816, -8.13031, 1.0
15.889, -3.00554, -8.08796, 1.0
2.79368, -17.55048, 11.19178, 1.0
-16.89279, 12.94769, -10.52846, 1.0
-17.87747, 2.57616, -8.98491, 1.0
-18.73795, 18.99815, 1.05768, 1.0
-13.46183, -14.16378, 11.2294, 2.0
-15.51494, -15.24467, -15.81254, 1.0
-18.90404, 16.3161, -2.9835, 1.0
-8.09489, 9.36482, -18.66694, 1.0
-14.80332, -16.07211, 0.64851, 1.0
7.24105, -12.24951, -6.91484, 1.0
-14.47753, -18.96133, -19.0, 1.0
17.79087, -15.10406, 17.34558, 1.0
-16.83343, -18.99168, 8.59721, 1.0
-7.9583, 1.919, -9.50608, 1.0
-18.9528, 14.83004, -14.94094, 1.0
13.35562, -7.42366, -5.08691, 1.0
-12.09723, -17.23315, 9.54526, 1.0
14.60801, -5.21239, -9.9895, 1.0
14.65952, -18.99209, 1.73139, 1.0
-17.70874, 3.29953, -16.89046, 1.0
17.39286, -17.70878, 18.34768, 1.0
-9.53273, -17.95818, -12.34119, 2.0
-12.11499, 3.81841, -18.99982, 1.0
-18.99927, 15.11928, -7.5219, 1.0
-15.32584, -18.84094, -11.15846, 1.0
-18.74427, 14.1124, -10.86647, 1.0
-17.38284, 15.46124, -8.88771, 1.0
-17.58154, 0.67216, -10.89264, 1.0
-14.14531, -12.03044, -18.99114, 1.0
-18.13012, 17.83792, -7.1505, 1.0
-16.67286, -18.52117, 18.99684, 1.0
-18.99992, -15.1615, 14.92303, 1.0
18.99929, -14.82907, 18.9344, 1.0
-14.84454, 7.84605, -10.54783, 1.0
-17.00836, -15.82351, -3.26779, 1.0
-12.0899, -15.7561, 8.03971, 1.0
-14.06028, 11.21678, -17.85163, 1.0
12.3914, -7.94919, -3.40557, 1.0
-11.55707, -8.77441, -9.09578, 2.0
18.99977, -4.66833, 16.16674, 1.0
-16.42001, -13.09614, -11.10116, 1.0
-16.45115, 15.72988, -18.99653, 1.0
1.90342, -2.67946, 14.30331, 1.0
-14.01793, -8.32485, -10.75837, 1.0
-18.99928, -18.71498, 15.9104, 1.0
-13.63615, -16.91202, -15.67396, 1.0
-18.91197, 15.5848, 14.16973, 1.0
-18.96795, -4.29961, 10.21005, 1.0
-14.82582, -18.99925, 8.53072, 1.0
-12.89821, -18.99799, -9.43395, 1.0
-13.17922, 18.98928, -15.71012, 1.0
-16.08151, 18.99809, 0.33816, 1.0
-11.40254, 15.34816, -15.15486, 1.0
-16.10349, 18.99789, -2.07293, 1.0
-18.23706, -16.89616, 15.57175, 1.0
-3.00778, -3.14698, 15.20874, 1.0
-11.80898, -7.22394, -12.75848, 1.0
-18.97816, 5.04801, -18.99389, 1.0
-16.43763, 18.99942, -7.8069, 1.0
11.71344, -9.33332, -4.97361, 1.0
-10.70773, 7.49146, -14.816, 1.0
-16.12344, 17.99986, -4.90872, 2.0
-18.55751, 15.00121, -18.99664, 1.0
-16.13929, -9.92379, -12.56409, 1.0
-18.99023, 16.91171, -0.93753, 1.0
-16.85095, -18.99902, -16.48805, 1.0
-6.73751, -14.00257, -3.9736, 1.0
-18.48682, 7.88935, -13.9613, 1.0
17.24961, 12.95405, -5.62226, 1.0
-14.63113, -12.11921, -12.74237, 1.0
-10.0209, 1.49134, -11.47057, 1.0
14.9979, 6.46517, 0.38562, 1.0
-15.04915, -7.05488, -17.9967, 2.0
-17.8839, 18.9985, -17.26804, 1.0
18.99965, -17.14926, 12.5731, 1.0
-13.32055, 17.29772, -12.87222, 1.0
15.15464, -2.56703, -9.89923, 1.0
-2.4355, -2.9063, 12.83857, 1.0
8.06548, -18.89314, 8.10339, 1.0
5.45352, -14.11557, 3.63392, 1.0
15.58838, -7.43839, 10.05705, 1.0
-18.96766, -13.37354, 15.86098, 1.0
6.88459, -7.96551, -12.57837, 5.0
17.26438, 18.90798, -2.61962, 1.0
-8.80205, -12.72287, -18.91425, 1.0
-9.80385, -0.45341, -15.47793, 1.0
3.7469, -1.41699, -15.0704, 1.0
-11.58921, 15.45843, -18.92047, 1.0
-9.06654, -4.12752, -18.83239, 1.0
-1.30058, 9.04665, -16.75525, 2.0
15.31163, -7.54303, -18.75622, 1.0
-6.53367, -5.50694, -17.99943, 2.0
-0.58775, -12.10083, -14.88073, 1.0
-9.6569, -3.53432, -16.82879, 1.0
-4.62733, 9.09262, -14.51448, 2.0
17.99901, -3.51839, -10.15809, 2.0
16.82689, 11.04551, -18.85806, 1.0
18.52961, -4.35577, -15.84641, 1.0
12.50519, 15.67582, -17.97481, 2.0
6.06375, 17.32939, -16.2754, 2.0
2.27517, -12.99203, -14.98326, 2.0
-16.18309, -18.92098, 2.42151, 1.0
3.62124, 11.28698, -17.9989, 2.0
3.09321, -0.12283, -17.81009, 2.0
11.47785, 11.46166, -13.59391, 1.0
6.15568, -4.26299, -17.26492, 1.0
18.99961, 16.02059, -11.96091, 1.0
-14.85088, -4.8913, -15.66745, 1.0
18.99947, -2.99773, -17.24748, 1.0
18.99966, 9.61815, -7.39928, 1.0
10.69859, -9.48325, -18.9978, 1.0
-9.27589, 1.01908, -18.92573, 1.0
7.33695, -2.58385, -18.86121, 1.0
7.68621, -9.90812, -18.21185, 1.0
-10.33399, 17.01521, -18.99699, 1.0
-18.98694, 10.13463, -7.23577, 1.0
2.31227, 8.35872, -18.96633, 1.0
7.26493, -7.51606, -18.91599, 1.0
17.99931, 2.96005, -13.39932, 2.0
1.40745, 13.05906, -18.99105, 1.0
-1.16473, -17.2954, -18.98322, 1.0
-7.87465, 6.38493, -18.99918, 1.0
-1.94626, 17.19475, -18.62688, 1.0
16.85259, 5.05697, 2.78133, 1.0
-4.45281, -14.15225, -18.9946, 1.0
-13.27157, 13.12422, -18.98714, 1.0
8.51827, -4.19401, -18.99097, 1.0
4.59759, 8.6296, -18.9994, 1.0
16.25764, -13.46851, -17.12997, 1.0
14.05902, -10.64256, 0.64566, 1.0
-9.4068, 5.95673, -14.89275, 1.0
13.59277, -9.05932, -0.48735, 1.0
17.25735, -11.18208, 3.00643, 1.0
15.40727, 15.58774, -18.99892, 1.0
4.47657, -11.00575, -18.77422, 1.0
-0.6191, -5.78604, -18.88935, 1.0
16.73581, 16.53262, -17.15996, 1.0
-2.07809, -4.41735, -18.99965, 1.0
0.93775, 5.87242, -17.99925, 2.0
18.99983, 16.96145, -6.62473, 1.0
17.11607, -15.68969, -14.3884, 1.0
-4.82549, -7.15041, -16.03984, 1.0
-12.25541, 1.27479, -10.44238, 1.0
-1.64118, -14.72196, -18.11763, 1.0
17.51601, 10.65497, -16.11738, 1.0
17.43092, 17.05429, 7.88011, 1.0
1.68932, -2.50192, -18.98418, 1.0
18.99978, -10.75148, -17.89095, 1.0
18.99906, -8.01845, -15.21722, 1.0
18.05057, 3.51502, -18.99811, 1.0
18.99963, -15.45972, -15.02338, 1.0
11.68198, -5.66446, -18.99971, 1.0
9.1736, 18.99429, -18.99143, 1.0
15.7125, 9.38308, -18.99948, 1.0
-5.87286, 6.15898, -18.99384, 1.0
-9.65452, 18.91704, -18.99665, 1.0
15.11332, -13.12887, -6.86236, 2.0
14.29088, 2.27759, -18.99997, 1.0
18.99963, -9.75205, -13.91229, 1.0
-10.78332, -17.33221, -18.94462, 1.0
15.6966, -15.02896, -13.14062, 1.0
-1.48562, -12.08403, -18.99964, 1.0
10.56848, -15.2497, -18.98946, 1.0
15.67013, -17.078, -17.96943, 1.0
6.03119, -9.10001, -18.99906, 1.0
3.76595, -2.87616, -18.98273, 1.0
9.85756, -18.99663, -14.43494, 1.0
-0.63037, 13.12119, -18.99912, 1.0
-12.18909, 6.7489, -17.25138, 1.0
16.80711, -0.34376, 7.19867, 2.0
9.78266, -18.23938, -18.99685, 1.0
-16.12085, -18.87269, -12.9945, 1.0
-8.11114, -16.92426, -18.99916, 1.0
-1.63038, 7.07528, -18.99952, 1.0
-6.93005, 18.94335, -18.85694, 1.0
0.21488, -13.47246, -18.99023, 1.0
18.54919, 13.17349, -17.13411, 1.0
-7.00959, 3.32392, -8.4437, 1.0
18.25347, -11.70029, -13.99162, 1.0
15.49662, 12.09145, 13.87205, 1.0
10.52913, -4.02856, -18.98595, 1.0
6.14563, -5.96261, -18.3219, 1.0
16.02102, -17.13212, 5.36889, 1.0
2.65186, -14.84947, -8.57806, 1.0
-7.81064, -0.34156, -18.99415, 1.0
-5.30869, -8.05888, -18.99934, 1.0
1.35896, 11.06637, -16.03797, 1.0
17.23469, 7.36884, -14.54906, 2.0
6.41928, -0.45727, -18.99784, 1.0
3.0957, -6.7557, -17.08247, 1.0
18.99736, 18.98992, -17.48521, 1.0
2.71849, -18.9993, -14.85106, 1.0
-10.59855, -1.71283, -17.01977, 1.0
-17.00852, -18.99325, -18.49641, 1.0
-11.16494, -16.12993, -17.22507, 1.0
13.95843, -14.79791, -17.39104, 1.0
2.85992, 8.55611, -17.0023, 1.0
-2.79854, -16.14275, -18.92215, 1.0
-13.44983, -4.64259, -18.79487, 1.0
-1.87875, -5.80767, -17.32397, 1.0
-3.62595, -18.95832, -17.3793, 1.0
15.10358, 13.40072, -17.31094, 1.0
-0.07656, -15.61168, -18.99587, 1.0
-2.97862, -9.67926, -17.99639, 2.0
8.52314, -12.28367, -18.99282, 1.0
-8.60618, -10.61729, -18.99288, 1.0
10.17305, 17.26136, -18.99992, 1.0
6.73802, 9.24112, -18.96405, 1.0
-13.754, -13.60776, -9.53187, 1.0
9.7349, -17.26203, -15.87165, 1.0
9.03203, -16.76483, 3.49468, 1.0
4.35636, -18.98752, -16.9882, 1.0
4.57334, 12.10259, -13.59388, 1.0
13.76948, -14.48785, -13.15067, 1.0
9.67462, -5.82049, -18.73111, 1.0
10.29552, 12.76339, -18.99026, 1.0
-9.8714, 18.99565, -15.14374, 1.0
-10.03636, 6.50119, -16.71308, 1.0
17.46709, -11.72687, -17.05007, 1.0
13.53799, 18.99736, -18.98722, 1.0
1.0718, -1.97559, -11.10989, 2.0
1.47893, 18.99218, -18.8041, 1.0
-14.28041, 10.27293, -15.96081, 1.0
18.99711, -12.10801, -15.80535, 1.0
18.99974, -16.59441, -18.95288, 1.0
12.93609, 18.99614, -13.52237, 1.0
-0.20172, 14.59981, -10.95185, 5.0
0.57659, 15.74125, -17.90067, 2.0
4.47907, 5.39739, -11.18592, 2.0
-2.81002, -15.5162, -15.46764, 2.0
13.15576, 10.19814, -18.99847, 1.0
17.00314, 5.45937, -18.89142, 1.0
11.19266, -12.92723, -17.05722, 2.0
-8.71505, 16.36126, -14.28808, 2.0
15.86301, -0.49746, -16.14541, 2.0
2.59594, 7.39819, -14.10667, 2.0
8.45277, 1.18781, -18.99369, 1.0
17.91122, -17.99902, -16.1972, 2.0
14.86454, 17.04216, -16.66658, 1.0
3.77969, 18.99967, -17.2824, 1.0
0.9604, 2.96141, -18.98102, 1.0
-2.19221, -18.99978, -18.77355, 1.0
15.69097, -1.71964, -18.99769, 1.0
6.54357, -18.99517, -18.94042, 1.0
12.79264, -14.56168, -18.99994, 1.0
-11.15947, 8.84883, -16.22288, 1.0
-14.89825, 8.18475, -18.9954, 1.0
16.64827, 12.13258, -17.1755, 1.0
-6.11296, -15.26015, -18.86627, 1.0
12.36777, -17.32199, -17.77699, 2.0
11.32722, 11.00867, -18.91805, 1.0
-9.66899, -15.67166, -18.88556, 1.0
8.92138, -0.92788, -18.56009, 1.0
18.99971, -18.95977, -18.89989, 1.0
12.95922, -0.18649, -18.88873, 1.0
7.77576, -17.40883, -18.98355, 1.0
17.31779, -8.87132, -14.54419, 1.0
3.58897, 6.69025, -16.85796, 1.0
18.99979, -5.4877, -17.53121, 1.0
-9.54275, 15.04797, -18.98297, 1.0
-12.17166, -15.8909, -18.98768, 1.0
18.99996, 3.37598, -17.03969, 1.0
17.03019, -12.0939, -18.96977, 1.0
-6.60849, 1.23206, -7.95731, 1.0
18.99978, 1.34994, -10.14889, 1.0
18.99972, 5.84323, -12.04628, 1.0
-6.79231, -1.2456, -16.76188, 1.0
13.81671, -8.99575, -15.27389, 2.0
14.54282, 6.17671, -18.99792, 1.0
18.99985, -16.58676, 17.94852, 1.0
-4.20941, 13.30853, -16.14018, 1.0
17.21159, -8.13116, -18.99772, 1.0
3.47498, -6.04977, -18.99222, 1.0
13.075, 12.1434, 2.25239, 1.0
13.12258, 5.04636, -18.14894, 1.0
14.11767, 8.16966, -18.99557, 1.0
3.68564, -10.41288, -17.03459, 1.0
16.21827, 18.35899, -13.07174, 1.0
3.24938, 18.07603, -18.98832, 1.0
-6.67716, 7.99124, -18.98992, 1.0
8.72448, 9.47645, -18.98942, 1.0
12.85665, -14.09404, 4.91299, 1.0
16.99556, -6.03178, -18.99972, 1.0
17.3499, -13.19799, -15.47555, 1.0
-6.67885, -10.4639, -16.69055, 2.0
16.13749, 7.28048, -18.24188, 1.0
18.9999, 15.27993, -4.07877, 1.0
18.99913, -1.95583, -18.9918, 1.0
-9.04369, -0.48874, -17.32913, 1.0
11.98918, 9.58781, 12.80848, 1.0
15.70793, -10.96746, -17.63091, 1.0
-9.23163, -8.69682, -18.9543, 1.0
-8.56368, -2.19523, -18.99805, 1.0
-4.93403, 18.96261, -18.99393, 1.0
8.69069, 3.18531, -18.99908, 1.0
-2.77206, 18.99905, -18.9081, 1.0
15.07886, -18.98568, -16.12639, 1.0
11.19442, 18.99532, -18.9882, 1.0
-5.08126, 18.99875, -16.99939, 1.0
16.43471, -18.99872, -13.78207, 1.0
-4.20768, 11.67847, -18.98672, 1.0
-8.688, -17.77943, -17.28508, 1.0
15.39726, -12.36203, -11.79481, 2.0
18.00147, 7.33522, -18.98275, 1.0
15.16383, -16.80179, -16.03932, 1.0
15.47581, -12.61587, -14.7971, 1.0
-3.53399, 1.00141, -16.24274, 1.0
17.33272, 2.54202, -16.30145, 1.0
-6.15202, -13.01747, -15.20486, 1.0
15.10062, 12.06776, -18.99206, 1.0
-5.00557, 18.99464, -14.9978, 1.0
-5.11857, 9.78874, -17.3997, 1.0
5.01016, 2.14134, -18.99913, 1.0
-9.4424, 1.33104, -16.4373, 1.0
-8.07537, 2.64611, -14.0746, 1.0
-14.9618, -13.42917, -17.26897, 1.0
18.99961, 14.08014, -18.97329, 1.0
18.99997, -1.43591, -15.22749, 1.0
11.45748, -1.79798, -13.93995, 2.0
14.59333, -5.64561, 2.59679, 1.0
2.76208, -18.04433, -18.99759, 1.0
-2.44228, 10.71209, -18.97766, 1.0
-8.9829, 12.88297, -18.18525, 1.0
6.85387, -13.02186, -15.84239, 1.0
-11.05408, -4.46119, -15.73414, 1.0
-10.26097, -18.9999, -17.09228, 1.0
7.94311, 10.16119, -15.19809, 1.0
-1.04742, 3.84493, -18.99462, 1.0
0.07187, -13.15231, -17.01848, 1.0
15.21217, -6.14567, -15.00641, 1.0
-7.57144, 15.39711, -18.99816, 1.0
-14.06042, -9.72833, -18.99008, 1.0
12.72092, -1.8897, -5.49745, 1.0
-4.10487, 8.78939, -18.81062, 1.0
14.69119, -12.73842, 2.96431, 2.0
17.23093, -10.10019, -18.59697, 1.0
17.07095, -16.06476, -18.9932, 1.0
14.94274, -5.26297, -18.99152, 1.0
-0.83262, -13.33039, -9.00362, 1.0
-12.16578, -17.79903, -16.71097, 1.0
18.99982, -4.07002, -18.99916, 1.0
-10.07869, -0.88405, -18.99996, 1.0
-8.11307, 17.32668, -18.91929, 1.0
-16.39948, 6.58461, -10.39398, 1.0
16.80924, -14.08216, -18.95685, 1.0
8.00598, 16.10556, -18.99769, 1.0
4.74752, -18.13416, -18.75743, 1.0
2.03457, -14.29737, -18.88239, 1.0
-0.89782, -6.04186, -15.59624, 1.0
-12.0713, -18.98458, -13.56917, 1.0
-1.68352, -12.13891, -16.86409, 1.0
10.77108, -7.492, -18.80227, 1.0
6.631, -1.64478, -15.87761, 2.0
-1.56571, -16.62435, -11.09613, 1.0
15.09407, 7.81078, -16.61084, 1.0
-4.71353, 2.56957, -16.64782, 1.0
8.14051, -18.99224, -17.73394, 1.0
4.47388, -5.34169, -17.40678, 1.0
4.48093, -3.70655, -16.25287, 1.0
-4.0923, -0.32487, -18.87275, 1.0
14.26255, -1.6537, 8.10532, 1.0
-6.24279, 10.27512, -18.99811, 1.0
4.56525, 4.09795, -18.99081, 1.0
4.72314, -16.7947, -17.26682, 1.0
14.9838, 11.21881, 7.86635, 5.0
-0.64537, -9.17301, -14.17816, 2.0
7.03051, 5.49315, -17.99962, 2.0
12.75851, -7.35189, -18.99039, 1.0
-7.39655, 1.70179, -18.99292, 1.0
9.91701, -15.71567, -17.13107, 1.0
5.37556, 10.02006, -11.56709, 2.0
15.52922, -16.14914, -11.48248, 1.0
4.84868, 0.27543, -12.85003, 2.0
18.99991, -13.52799, -14.38704, 1.0
-7.8128, -2.89252, -17.26471, 1.0
-6.63286, -15.47242, -13.54207, 2.0
-3.62979, -3.15564, -18.97984, 1.0
-5.26299, 15.93906, -17.15875, 2.0
8.83252, -4.07575, -16.99853, 1.0
12.09796, 7.77026, -16.77651, 2.0
7.59581, -7.72451, 4.60579, 1.0
-0.48616, 11.1261, -18.88986, 1.0
13.18788, -3.04323, -17.99203, 2.0
18.99878, -8.97065, -7.24134, 1.0
-2.24765, -6.94399, -18.99454, 1.0
9.73888, 15.10007, -18.99292, 1.0
-3.57307, -12.61437, -17.76669, 1.0
15.82302, -14.50877, -15.36256, 1.0
-2.27924, -2.89819, -16.3086, 2.0
-6.83288, -12.38218, -18.99448, 1.0
13.58444, 7.26663, 3.56866, 1.0
18.99937, 3.20434, -6.23627, 1.0
18.99973, 5.56573, -18.94142, 1.0
-5.59714, 4.17798, -18.99834, 1.0
-1.94652, 6.27342, -12.70905, 1.0
-6.19607, 3.11416, -10.54449, 1.0
3.02088, -16.05455, -18.99887, 1.0
-12.41723, 11.31243, -18.99356, 1.0
18.99955, 9.3974, 11.94325, 1.0
-4.04207, 5.5016, -16.70112, 2.0
-4.98, -17.55365, -15.08547, 1.0
2.53768, -15.60129, -17.1005, 1.0
18.99858, 15.12279, -17.25702, 1.0
-9.54144, -18.90293, -18.97558, 1.0
16.63932, -10.99546, -14.94153, 1.0
3.3048, 16.87795, -17.38486, 1.0
17.69186, 1.57827, -18.62974, 1.0
-2.32876, -1.35246, -18.89784, 1.0
7.27484, -16.10132, -17.54597, 1.0
-15.7183, -13.91943, -9.31408, 1.0
17.89482, -15.13893, -17.11841, 1.0
17.14843, 13.31672, -18.94524, 1.0
16.70212, 5.38871, 9.59987, 1.0
7.19116, 18.72357, -18.98142, 1.0
-10.98013, -6.45081, -17.98676, 2.0
18.99984, 5.22719, -16.08794, 1.0
-4.06288, 18.99989, -12.27626, 1.0
10.42948, 5.47688, -17.76401, 1.0
8.55347, 18.99235, -16.52088, 1.0
18.99933, -10.08644, -15.93317, 1.0
13.1504, -6.60536, -17.0294, 1.0
0.614, -15.13267, -16.7943, 1.0
-3.84061, -6.81336, -17.75513, 1.0
2.75225, -12.00067, -18.99113, 1.0
3.21413, 2.88645, -15.01949, 1.0
-6.43902, 2.06845, -15.76076, 1.0
18.99701, 11.26851, 12.65688, 1.0
18.3377, 9.31602, -18.99831, 1.0
18.99993, -12.44405, -18.99935, 1.0
18.99895, -9.04504, -18.95923, 1.0
-6.70847, 17.51752, -12.37959, 1.0
-0.9223, -2.77277, -18.99867, 1.0
18.99996, 11.86975, -18.81993, 1.0
-5.58851, -18.99854, -18.56144, 1.0
17.03155, -3.42358, -18.99078, 1.0
2.24464, -8.60361, -16.33614, 1.0
18.99907, 16.2542, -18.9627, 1.0
-12.65589, -3.36182, -17.2382, 1.0
2.11489, 4.55652, -14.95393, 1.0
18.99993, 7.11497, -16.96253, 1.0
-9.28765, 3.89239, -17.99899, 2.0
17.67755, 18.92337, -18.99274, 1.0
-7.48137, 2.14793, -12.23022, 1.0
15.14901, -6.56456, -16.96381, 1.0
-4.86558, -13.90327, -16.94617, 1.0
18.67916, 17.08131, -16.96162, 1.0
-13.45967, -2.60514, -18.91134, 1.0
-4.19366, 1.98592, -18.5543, 1.0
-2.54147, 0.93748, -18.99795, 1.0
2.95536, 2.91232, -18.8453, 1.0
0.65515, 9.4832, -18.99696, 1.0
-9.66196, 7.28515, -18.99165, 1.0
17.58027, 8.27445, -10.55442, 2.0
-11.99005, 3.5685, -16.7352, 1.0
-9.65924, 5.43591, -12.86622, 1.0
-0.09944, -18.99987, -18.98739, 1.0
3.24345, 14.09962, -18.99924, 1.0
18.51083, -8.47359, -17.10387, 1.0
9.02411, -8.45054, -18.62039, 1.0
18.99906, -13.47749, -17.26497, 1.0
-8.81568, 15.88171, -17.28344, 1.0
10.76126, -1.58366, -18.99007, 1.0
10.06451, -18.99859, -16.83142, 1.0
-5.38817, -18.99674, -16.41914, 1.0
7.91436, -15.14098, -15.89312, 1.0
12.37658, 1.72856, -18.8086, 1.0
15.14053, -12.38784, 7.47403, 1.0
9.53315, -10.18027, -17.48791, 1.0
9.855, 0.97162, -16.34478, 2.0
12.17744, -10.83386, -18.99143, 1.0
6.97963, 8.02798, -13.13737, 1.0
18.99865, -6.31948, -10.71097, 1.0
-5.23559, -1.9694, -18.85635, 1.0
3.27318, -17.54833, -16.11204, 1.0
18.99995, -6.95094, -18.91166, 1.0
-4.90453, -11.75975, -18.99561, 1.0
10.27022, -2.72504, -17.37031, 1.0
7.516, -14.74669, -18.99987, 1.0
8.66066, -1.66861, -5.90264, 1.0
-7.71386, 17.66634, -16.98264, 1.0
16.12214, 15.99518, -14.74012, 1.0
6.01223, 15.95096, -18.94141, 1.0
18.99884, -14.52606, -18.98483, 1.0
-0.06809, 6.6531, -15.26975, 1.0
-12.73367, -0.91272, -17.34489, 1.0
0.3293, -5.49613, -12.89272, 2.0
14.81942, -13.15277, -18.96192, 1.0
17.02679, -18.64553, -18.99443, 1.0
15.12846, 0.19989, -18.99014, 1.0
18.99897, 10.39241, -17.44192, 1.0
0.81487, -9.05488, -17.66667, 1.0
3.84683, -8.51357, -17.72664, 1.0
-7.54319, -18.99662, -18.99516, 1.0
14.7722, 18.99869, -1.66648, 1.0
-7.9955, -14.56756, -18.99951, 1.0
17.15365, 4.49966, -15.83256, 1.0
7.98349, -13.7385, -17.33688, 1.0
13.58164, -12.39426, -14.18541, 1.0
2.43247, -4.35528, -18.77992, 1.0
14.6657, 8.91975, -14.38994, 1.0
16.89385, -7.68616, -12.97154, 1.0
6.65023, -17.99984, -15.30357, 2.0
17.84586, 8.77776, -17.13539, 1.0
18.99928, 0.09409, -18.94236, 1.0
-4.0326, -5.33637, -16.32373, 1.0
-11.11419, 13.51497, -18.91378, 1.0
15.19302, -18.99949, -18.27605, 1.0
0.27247, -16.52719, -13.2257, 1.0
3.49944, 11.88282, 12.33035, 5.0
17.8377, -11.98379, -6.34212, 1.0
15.9592, -17.068, -13.51137, 1.0
4.54025, -18.97776, 3.01887, 1.0
18.99996, -16.92815, -13.61129, 1.0
-2.3004, -16.71981, -8.17687, 2.0
17.99981, 0.77876, 3.40608, 2.0
17.88853, 15.50317, 11.75597, 1.0
-1.67682, 18.98855, -7.12689, 1.0
17.9957, -1.83595, -4.72498, 2.0
16.67939, -7.11008, 0.42268, 2.0
17.99931, 16.31985, 17.09191, 2.0
8.94388, -16.89552, -12.21125, 2.0
14.15733, -18.99439, 12.5731, 1.0
18.99967, 15.32656, 10.0773, 1.0
16.43962, -4.2675, 6.48281, 2.0
4.89199, -17.99994, 8.88132, 2.0
18.99983, 17.25695, -4.62103, 1.0
16.83255, 3.7852, -0.5784, 1.0
18.99897, -5.22605, 5.09958, 1.0
18.99877, 2.1933, -8.06285, 1.0
18.99938, 8.19287, 4.51147, 1.0
12.70719, -12.54584, 6.18393, 1.0
18.99998, -16.12569, -9.70319, 1.0
2.98578, -18.415, 13.06848, 1.0
12.52223, 17.34763, 10.26089, 2.0
18.9993, -14.54279, -11.05654, 1.0
14.08226, 18.98601, 5.20578, 1.0
17.40902, -8.66173, 12.18473, 1.0
8.6416, 0.08041, -4.78732, 1.0
15.04146, -13.5593, 0.00607, 1.0
14.82468, 15.884, 4.08851, 1.0
18.9991, -13.61361, -6.33209, 1.0
15.60988, -8.354, -2.08911, 1.0
17.49656, -10.14998, 1.30121, 1.0
18.99501, 18.98355, -1.61485, 1.0
17.58978, -9.5073, -12.50828, 1.0
3.12397, -14.51526, 13.81055, 2.0
14.02323, -17.22582, 5.3889, 1.0
18.99986, -18.9745, -7.47028, 1.0
15.19876, -15.35824, -4.85492, 1.0
15.2998, -6.11517, 4.40886, 1.0
18.99923, -6.55313, -12.73095, 1.0
17.36662, -0.1044, -8.36922, 1.0
18.99976, 16.9208, 2.78991, 1.0
13.57866, -1.84485, -10.90004, 1.0
18.99979, -0.20577, 9.54184, 1.0
18.99967, -12.19742, 11.08814, 1.0
18.9997, -6.57777, -6.73996, 1.0
18.9999, -9.48143, 0.16212, 1.0
18.99997, 18.97042, -6.14519, 1.0
14.4799, -12.52939, -3.98882, 1.0
-1.56506, -16.45713, 0.43081, 1.0
18.44201, -11.20231, -10.33127, 1.0
18.99794, -12.16626, 3.06835, 1.0
17.12651, 6.5466, -2.52203, 1.0
18.99936, -2.84515, 9.07874, 1.0
17.99763, 12.08129, -9.36233, 2.0
18.99996, 12.36822, 16.86026, 1.0
17.22923, -8.12209, -6.84532, 1.0
15.84038, -15.55679, 17.38668, 1.0
18.99969, -16.86298, 0.94882, 1.0
18.9995, 18.93252, 12.00273, 1.0
15.4462, -4.69233, -4.35115, 1.0
14.19977, 18.85854, 12.25146, 1.0
10.1574, 18.99445, 11.12105, 1.0
15.61141, -9.55417, -12.82928, 1.0
6.47912, 18.1759, 12.25482, 1.0
17.10015, 18.99884, 7.52843, 1.0
18.99994, 3.94847, -1.25573, 1.0
17.33712, 13.28491, -1.42097, 1.0
-0.20998, -16.94176, -17.03872, 1.0
7.05083, 5.79631, 10.77635, 2.0
16.65144, -10.33453, 13.1439, 1.0
15.22816, -6.39037, -2.22774, 1.0
18.99979, -18.21567, -9.59983, 1.0
11.86278, -13.64754, -6.75003, 1.0
18.99914, 6.81621, 8.72352, 1.0
15.08502, -4.53431, 0.62603, 1.0
-3.90098, -3.35013, -4.61784, 1.0
13.03799, 9.30081, 15.31598, 1.0
18.04648, 4.34883, -3.63531, 1.0
14.38983, -1.66182, -6.96894, 1.0
11.92806, -2.16079, -8.33999, 1.0
12.21158, -2.47567, -3.61868, 1.0
18.99996, -0.95979, -17.19108, 1.0
9.79633, -16.531, -6.72727, 1.0
17.04624, -15.88739, -9.34597, 1.0
13.34861, 0.30359, -3.54415, 2.0
18.99983, -8.43021, 13.5083, 1.0
6.27108, 18.16074, 0.52059, 1.0
18.99885, -13.93083, 12.75547, 1.0
18.99903, -11.62408, -2.34125, 1.0
17.30497, 6.24666, -5.32568, 1.0
18.99985, -6.29163, 14.60357, 1.0
15.9892, 0.01531, 0.5393, 1.0
16.24686, -4.55613, 2.25751, 1.0
-13.73836, -2.72814, 18.99899, 1.0
12.81424, 11.95665, 13.87096, 1.0
16.34279, -11.52749, -1.50416, 1.0
17.22927, 18.43876, -5.36503, 1.0
18.99962, -17.38974, 5.28122, 1.0
18.99977, -11.92927, -4.32691, 1.0
18.61745, -10.22985, 11.09208, 1.0
14.29402, 3.51653, -2.51096, 1.0
17.39911, 11.95497, -14.22909, 1.0
18.99976, -11.03008, -12.24586, 1.0
16.46498, -10.28158, -4.23385, 2.0
18.99798, -17.40623, 2.88135, 1.0
17.36601, -8.52607, 9.3287, 1.0
18.99966, -10.71984, -8.2414, 1.0
-8.92168, -5.35605, 8.21473, 1.0
18.99986, -13.38546, 7.54797, 1.0
16.06375, 5.79146, -16.90606, 1.0
18.99994, 15.80409, 7.59477, 1.0
2.96987, 8.99586, 18.99696, 1.0
18.99875, -7.95622, -5.07696, 1.0
15.70651, -7.16526, 6.18063, 1.0
12.87352, 9.01016, 2.69739, 1.0
18.99924, 13.1943, -3.99545, 1.0
17.65052, -4.89383, 3.65923, 1.0
18.99877, 11.9795, 0.19739, 1.0
16.41333, 18.99776, -7.53142, 1.0
17.96908, -9.04186, 16.30823, 2.0
18.99877, -9.41545, -11.06055, 1.0
18.99885, -8.39292, -2.82352, 1.0
6.89775, -0.08044, -3.81803, 1.0
9.44479, 13.44344, 8.51921, 1.0
18.99981, -18.81115, 11.43241, 1.0
13.40395, 3.79258, -4.633, 1.0
17.48724, -16.24455, -12.49555, 1.0
18.9999, 12.03929, 14.84993, 1.0
16.40905, -6.06255, -10.20246, 1.0
15.42878, 1.505, -13.94201, 1.0
17.07952, -12.86334, 7.33614, 1.0
18.99995, 17.72827, -13.02429, 1.0
18.99726, -15.27802, 6.85084, 1.0
13.2427, 14.0441, 12.87967, 1.0
10.64044, -13.33369, 11.76934, 5.0
-5.15292, -17.40337, -0.65324, 1.0
18.99889, 3.5185, 1.63715, 1.0
18.99953, 7.70821, 10.79477, 1.0
13.34775, -17.9572, -5.13339, 2.0
15.94555, 17.48508, 1.89366, 1.0
18.99998, 12.38799, -15.35068, 1.0
7.91724, -5.69441, 8.8548, 1.0
15.849, 15.09253, 13.93379, 2.0
9.50145, -7.33246, -3.03311, 1.0
16.42481, -10.96649, 10.23822, 1.0
18.99717, -11.84588, 8.83488, 1.0
16.77881, 14.48724, -17.15688, 1.0
6.93833, -1.13834, -1.00515, 2.0
13.00603, -18.99245, -7.93442, 1.0
16.544, -17.98862, -0.37991, 2.0
18.99979, 8.64329, -3.9752, 1.0
10.21472, 18.21499, -15.7145, 1.0
17.99917, -14.82621, 4.05766, 2.0
12.13221, -2.53205, 6.18254, 2.0
7.02047, 3.49817, -7.26639, 2.0
0.93862, -14.29634, 17.56784, 2.0
17.84788, 18.99629, -14.05821, 1.0
9.86498, 16.72891, -17.01547, 1.0
18.99956, 7.18522, -5.85248, 1.0
15.3406, -5.80826, -7.13542, 2.0
9.35333, 17.86442, 7.05261, 1.0
13.35576, -14.92855, 6.66139, 1.0
11.0008, 18.98267, 7.2474, 1.0
15.89738, 18.97124, 18.7584, 1.0
17.99978, -14.70757, -3.35933, 2.0
8.50937, 15.6226, 10.5249, 1.0
17.22668, -4.5676, -17.3597, 1.0
15.13251, -7.53676, 2.96231, 1.0
14.44125, 16.92781, 6.09651, 1.0
17.59155, -16.67199, 6.52328, 1.0
18.99987, -0.64459, -7.34587, 1.0
16.30227, -7.32537, -4.72973, 1.0
18.99771, -2.26026, 6.47005, 1.0
15.75244, 9.5829, -15.94216, 1.0
18.99992, -10.15266, 3.18555, 1.0
18.99938, 14.15578, 18.9878, 1.0
18.16935, 12.35457, 18.71768, 1.0
18.99738, -16.91916, 8.01693, 1.0
18.99984, 17.69803, -15.0687, 1.0
18.99869, 18.87173, 14.01696, 1.0
8.63157, -18.99811, 4.92757, 1.0
3.8629, 17.86146, 13.08425, 1.0
12.55228, 11.88091, 17.99411, 2.0
12.50131, -5.33569, -7.98588, 1.0
13.93427, -3.83166, -5.34345, 1.0
18.99983, -5.71866, 7.06827, 1.0
18.99944, 8.98283, 2.2302, 1.0
18.99371, 18.99914, -3.62199, 1.0
-5.63105, 17.14556, -10.69624, 1.0
18.99993, -11.85518, 5.13397, 1.0
18.99982, -4.88111, 2.16961, 1.0
13.7604, -1.56065, -8.87296, 1.0
17.03842, 5.06105, 17.2127, 1.0
13.02046, 0.19519, -11.44107, 1.0
10.04049, -17.02075, -8.66973, 1.0
17.86103, 6.08706, 11.0795, 1.0
18.99976, 6.31317, 6.69302, 1.0
1.77683, -1.64639, -8.20039, 1.0
18.99998, -18.69472, -1.95235, 1.0
17.99646, -5.53713, -3.01394, 2.0
18.99985, -11.93077, 13.18696, 1.0
17.01377, 16.46193, -6.20066, 1.0
17.84292, 15.69579, -15.71594, 1.0
18.99866, -4.63959, -6.02671, 1.0
18.99998, -12.73799, 18.75962, 1.0
11.58778, -17.62514, -7.55437, 1.0
15.60551, 4.83595, -1.75892, 1.0
15.7568, 16.92339, 18.99206, 1.0
15.7809, -14.8378, -1.34361, 1.0
10.81438, 18.99567, -3.36482, 1.0
9.03503, -7.26889, 0.60785, 1.0
18.99976, -1.40387, 18.86273, 1.0
-2.36223, -12.79985, -14.26374, 1.0
15.5379, -11.5455, 18.66759, 1.0
7.61061, -13.2759, -9.56926, 1.0
17.997, 6.39248, 0.34611, 2.0
-10.67288, -5.71401, 9.11699, 1.0
-5.88143, 17.38308, -14.1986, 1.0
18.99937, 10.58125, 18.29767, 1.0
18.99939, -18.88977, 18.5104, 1.0
18.99935, -8.26663, 11.03562, 1.0
2.66828, -2.95728, -6.0658, 1.0
17.98397, 6.52975, 4.97758, 1.0
5.16915, -18.99481, -0.09035, 1.0
-8.38059, 4.00251, -12.28921, 1.0
7.75563, 18.98807, 6.34234, 1.0
12.11083, -16.60206, 6.934, 1.0
11.7569, -9.89353, -17.26462, 1.0
18.99922, 9.87214, 14.82117, 1.0
-11.99082, 3.46368, 3.14353, 1.0
17.104, 16.93539, -4.04644, 1.0
11.16958, 6.64741, 7.08959, 1.0
17.18912, 7.61498, 15.62936, 2.0
10.5733, 13.12007, -15.09196, 1.0
17.69847, 2.07385, -1.15227, 1.0
18.01213, -18.99475, -11.76727, 1.0
-4.22652, -18.99869, -13.92256, 1.0
9.83095, 4.38119, -8.37815, 1.0
18.99936, -17.29604, -11.37999, 1.0
18.99186, 18.99333, 8.27873, 1.0
13.30981, -11.41423, -5.17003, 1.0
12.44134, -3.82217, 18.61402, 1.0
16.71433, -13.54011, -9.36884, 1.0
14.71168, 5.41244, 9.39589, 1.0
15.52554, -9.35094, 9.47436, 1.0
9.51257, -4.66581, 9.48699, 1.0
6.93102, -18.03235, 12.21414, 1.0
13.405, 8.14701, 12.7881, 1.0
18.99919, -14.4833, -8.14961, 1.0
7.34494, 0.92354, -14.38477, 1.0
16.26692, -7.31192, 8.10801, 1.0
18.99975, -18.88025, 15.65052, 1.0
6.79284, 9.42329, 17.99912, 2.0
18.99956, 8.74871, -1.59169, 1.0
18.99879, 17.06125, 11.1673, 1.0
15.19531, 5.8048, 16.9566, 1.0
15.03871, -8.41248, 4.75862, 1.0
18.99965, -5.61872, 17.99924, 1.0
18.99952, -7.30581, 5.18086, 1.0
18.99948, -17.05014, -5.52725, 1.0
18.99934, -11.75052, 15.25113, 1.0
18.99981, -14.16456, 16.05119, 1.0
18.99971, -1.90532, -12.56213, 1.0
18.99951, 11.43188, -6.3303, 1.0
15.43042, 3.72846, 5.14053, 1.0
12.88523, 17.29251, -10.13173, 1.0
16.31286, -12.81479, 16.06085, 2.0
15.59052, 9.55919, 13.98693, 1.0
18.99942, 17.13529, 9.13429, 1.0
18.99982, -3.74874, 18.79222, 1.0
13.87451, 6.26599, 11.07462, 1.0
3.85369, -5.56668, 17.588, 1.0
18.99972, 1.55071, 8.29245, 1.0
17.92399, 17.29791, -8.33162, 1.0
17.81353, -15.12238, 13.8396, 1.0
18.99376, -15.74429, -0.7236, 1.0
17.7947, 12.71993, 13.40189, 1.0
16.95782, -14.81317, 6.90186, 1.0
14.84055, 0.52883, 13.92614, 5.0
16.88318, 4.71451, 6.09892, 1.0
13.8469, -18.99651, -1.22342, 1.0
13.75477, 15.6857, -12.53028, 2.0
18.99966, 18.96695, 18.5502, 1.0
15.0675, -1.95276, 3.51635, 2.0
17.53954, -2.56169, 0.42323, 2.0
18.99991, 4.51381, 10.59972, 1.0
18.99973, 4.83997, 4.63529, 1.0
18.99646, 1.43574, 6.16682, 1.0
18.9993, 5.87352, -2.75168, 1.0
18.99967, -18.96492, -13.52988, 1.0
11.77478, 7.39467, 4.5333, 1.0
16.2906, -9.02743, -9.75887, 2.0
10.40694, -17.36237, -5.01184, 1.0
18.99966, 18.88722, 2.41493, 1.0
13.88943, -16.31746, -8.96671, 2.0
12.17525, 18.58512, 5.67772, 1.0
18.08331, -10.03404, -1.53203, 1.0
17.02811, -14.8792, -11.10192, 1.0
8.41927, 8.83633, 8.37843, 2.0
16.87191, 17.99886, 4.70096, 2.0
7.91829, -5.39352, 15.40576, 2.0
11.58906, 0.70033, -7.13673, 2.0
13.25814, -14.38711, -11.20108, 1.0
18.99986, 0.75572, -1.91571, 1.0
16.61354, 1.91681, 0.52682, 1.0
15.06522, -7.68062, -12.1503, 1.0
12.41054, 14.86099, -15.08508, 1.0
5.20531, -15.66684, 10.75406, 1.0
18.99983, 5.17894, -5.41996, 1.0
-12.21291, 0.27859, 1.62743, 1.0
17.7555, 7.37655, 3.17357, 1.0
18.99942, 1.18844, 0.46348, 1.0
6.26242, -17.52151, 1.80686, 1.0
18.99989, 6.24015, -8.83945, 1.0
14.69751, 18.95727, 2.86575, 1.0
18.99996, 2.74794, -2.90498, 1.0
15.69642, 15.22336, -1.82681, 1.0
18.99721, 18.88301, 0.38915, 1.0
17.82734, 15.75119, 0.21866, 2.0
7.6829, 16.39979, 12.17309, 1.0
18.9996, -7.69496, 7.67805, 1.0
18.99979, -1.24868, -1.93467, 1.0
18.99915, 15.03468, -13.74795, 1.0
12.56507, 18.9791, -8.24423, 1.0
16.51299, 17.29086, -18.9973, 1.0
18.99966, -18.60958, 9.41318, 1.0
4.93879, -7.41759, -18.99907, 1.0
4.3647, 3.26941, 17.39692, 1.0
18.29796, 2.1455, -4.68444, 1.0
16.71358, -9.94377, 6.73059, 2.0
17.44539, 18.91938, -9.69233, 1.0
15.54264, 15.55565, 2.24837, 1.0
15.50488, -9.95849, -0.58084, 1.0
15.40466, -18.47371, -12.14659, 1.0
17.27369, 18.90114, 1.4042, 1.0
2.55472, -6.20172, 18.9994, 1.0
11.73616, -7.64344, 9.6644, 1.0
18.99961, -13.0612, -9.69768, 1.0
15.61206, -13.14875, -2.42646, 1.0
15.1725, 5.65697, 5.60738, 1.0
1.87244, -13.08484, -9.14465, 1.0
15.85571, -4.42439, -1.22036, 1.0
18.99994, 17.12572, -2.35895, 1.0
12.1573, -7.83564, -8.05917, 1.0
18.99995, 3.57478, 8.69764, 1.0
18.88282, -18.99713, 4.08913, 1.0
16.46713, -12.64048, 5.4334, 1.0
9.87868, 2.58512, -5.54346, 1.0
18.99995, -2.06627, 3.10759, 1.0
15.95025, 3.42279, 1.66356, 1.0
17.99888, -14.88349, 10.05407, 2.0
18.9968, -3.47755, -14.10143, 1.0
8.47084, 1.04499, -10.33932, 1.0
10.42951, -4.65783, 7.45695, 1.0
18.99976, 4.15555, 6.69492, 1.0
15.50597, -10.15092, -7.08875, 1.0
7.25666, 2.06835, -12.7414, 1.0
15.94287, 18.07383, -0.32461, 1.0
16.41183, 17.7818, -15.62471, 1.0
18.99938, 0.19982, -14.02029, 1.0
18.99911, 3.39272, -10.01899, 1.0
18.96931, -3.24537, 4.72896, 1.0
15.81801, -2.62036, 8.91237, 1.0
17.99878, -5.64399, 9.90421, 2.0
15.59525, -3.00369, -6.09977, 1.0
10.59292, 15.54942, -15.56061, 1.0
15.66904, -4.7221, -11.61953, 1.0
18.99965, 8.63097, 18.94281, 1.0
0.57472, -2.60189, -6.24597, 1.0
17.44422, -7.18786, 13.70468, 1.0
18.99984, -13.03631, -12.38681, 1.0
1.91317, 17.67456, 12.52482, 1.0
18.99716, -10.42862, -5.85396, 1.0
17.32066, -17.75108, 3.97732, 1.0
7.45078, -13.69254, 6.692, 1.0
13.71651, 10.16503, 13.63833, 1.0
18.9999, 17.65323, 6.79286, 1.0
18.9995, 13.83867, 11.82896, 1.0
18.99998, 10.30566, -12.24532, 1.0
12.97433, -18.99711, -15.35917, 1.0
11.81353, 2.56283, -4.79443, 1.0
18.06583, 18.6688, 10.03246, 1.0
16.34024, 18.03823, 9.24102, 1.0
18.99966, 5.19122, 14.81235, 1.0
15.04593, 18.98699, 10.44219, 1.0
17.51409, -8.85209, 2.84932, 1.0
17.98732, -13.15257, 0.41881, 2.0
18.99978, -3.36052, 11.61825, 1.0
19.0, -9.6765, 9.20549, 1.0
15.3545, 8.57215, -12.54408, 1.0
18.99916, 4.28835, -8.10121, 1.0
18.99964, 18.99153, -8.2339, 1.0
6.7538, -17.23426, 14.16218, 1.0
12.80544, 18.911, 2.21346, 1.0
18.99887, -10.0251, 18.95604, 1.0
18.99959, 14.52752, 14.76872, 1.0
17.03033, 13.26738, -3.64914, 1.0
16.22686, -12.62735, 9.13779, 1.0
12.67711, 4.55882, -7.44482, 2.0
15.5021, 1.4889, -1.82384, 1.0
17.39602, -11.90186, -8.4372, 1.0
10.43681, 14.62858, 9.79243, 1.0
8.87955, -0.37548, -13.33678, 1.0
17.46756, 3.61523, 4.23388, 1.0
18.99945, -6.06232, -14.7181, 1.0
14.31538, 18.99964, 0.90072, 1.0
15.05892, -2.09957, -4.16961, 1.0
17.07698, 10.88941, 14.13232, 1.0
7.07829, 18.99838, -3.24106, 1.0
17.29944, -12.11065, 12.14773, 1.0
18.99837, -4.17365, 14.0301, 1.0
18.99999, 16.48054, -9.81895, 1.0
17.59233, -14.30664, -13.02343, 1.0
17.61086, 3.78676, 18.99882, 1.0
16.33781, -17.57166, 15.20003, 2.0
17.29175, -13.78579, 18.86669, 1.0
-0.85289, -2.46576, 11.69577, 1.0
2.37252, -18.94221, -17.24216, 1.0
-12.92701, 6.10169, -12.64281, 1.0
15.60471, 10.27289, -9.49561, 1.0
17.99688, 5.19916, 8.08422, 1.0
18.99975, 12.7423, -13.31899, 1.0
-1.10947, 3.56417, -7.37914, 5.0
-15.97961, -10.40696, -0.99106, 1.0
-6.69319, 9.40071, -5.01508, 1.0
-9.63657, 18.9216, -1.73437, 1.0
6.96688, 14.43722, -17.33178, 1.0
-17.02865, 11.14786, 4.66149, 1.0
-15.08467, 13.58829, -12.6506, 1.0
5.53284, 14.90225, -9.03624, 1.0
-13.75268, -17.98697, -6.73652, 2.0
-0.43758, -13.08496, -11.96786, 2.0
13.74654, -18.99909, 15.70837, 1.0
-10.0523, -14.3882, -1.16256, 1.0
-15.89265, 4.804, -11.51419, 1.0
5.88688, -14.75213, 16.70938, 2.0
0.89937, -17.79765, 8.69553, 2.0
-14.93929, -10.63433, -3.48137, 1.0
1.41645, -4.90536, -7.97709, 2.0
-2.01893, 14.40151, 8.83371, 2.0
-7.82434, 18.98883, -9.06883, 1.0
-9.28286, 18.99128, 6.56096, 1.0
-12.84639, -14.33152, 17.99676, 2.0
-6.27288, -9.23246, -8.60046, 1.0
-12.08844, 14.88964, -12.73735, 1.0
-3.69221, -17.03951, 2.48457, 2.0
-12.77649, -15.14524, -6.78346, 1.0
5.93364, 6.35704, -13.66386, 1.0
0.63746, -15.98112, -10.96633, 1.0
-0.08499, -16.61958, 12.65832, 2.0
-5.02099, 14.12584, -14.49864, 1.0
3.23479, -15.27956, 10.89839, 1.0
-11.36873, 15.11619, 2.40091, 1.0
-6.13772, 15.33486, -11.42938, 1.0
-4.23871, -18.99904, -7.95143, 1.0
-18.25793, 12.26286, 9.52026, 1.0
-2.1945, -18.9891, 5.1541, 1.0
-0.65464, -18.99276, 14.43535, 1.0
7.14671, 12.44681, -17.43493, 1.0
-3.57442, -17.07455, 5.48299, 1.0
-7.43837, 2.26044, 17.98939, 2.0
-16.6685, -18.83138, -1.48685, 1.0
-4.13117, -12.52399, 15.72382, 1.0
-1.82475, -18.99758, -10.83105, 1.0
-14.97931, -11.17435, -15.13809, 1.0
6.98283, -18.9762, 18.99508, 1.0
-10.34781, 18.99578, 9.56086, 1.0
-11.90592, -5.09544, -7.84398, 1.0
-15.63848, -8.97281, -6.59827, 1.0
-13.42098, -18.9162, 17.46761, 1.0
-6.13586, -18.99846, 0.05211, 1.0
-17.56394, -3.70327, 2.97554, 1.0
1.47008, 2.20307, -16.83121, 1.0
10.13239, -18.99744, -7.61378, 1.0
2.38708, -16.55956, 18.90457, 1.0
-9.66546, -9.84333, -11.1664, 1.0
4.99465, 14.7536, -17.43843, 1.0
-1.42851, -7.62448, -11.71742, 1.0
-17.68, -8.88416, -8.80703, 2.0
-2.34414, -18.99943, -4.0725, 1.0
15.94637, -18.99515, 9.47233, 1.0
-9.36585, 17.13363, 5.82454, 1.0
-4.92704, 18.99186, -2.52663, 1.0
-18.80939, -15.82152, -8.74668, 1.0
-14.80853, -17.44852, 15.2104, 1.0
-14.85316, 10.25408, 4.60015, 1.0
0.75002, 17.0541, 11.0201, 1.0
-14.28875, 10.87269, 6.54227, 1.0
-2.70914, -18.99449, 18.50349, 1.0
3.25812, 11.97939, -15.09945, 1.0
-0.11146, -2.30811, -8.11455, 1.0
9.21985, -18.6713, -9.47785, 1.0
-14.60246, -18.99888, -1.54338, 1.0
1.86612, -18.99832, 18.43916, 1.0
-5.56568, 17.08076, -0.08339, 1.0
5.57749, -4.67457, -2.40391, 2.0
2.30858, -14.57181, 6.53378, 1.0
-15.35785, -18.99848, 0.60024, 1.0
-11.04714, -18.99524, 10.34309, 1.0
-17.34146, -14.04363, 3.44201, 1.0
-10.89682, 15.39954, -10.33387, 1.0
-8.12308, 13.44146, -8.09804, 1.0
-4.64512, -18.99923, 15.72148, 1.0
8.5147, 13.57185, -18.56515, 1.0
-10.70786, 18.99404, -3.60736, 1.0
-12.5484, 18.15594, 12.55885, 1.0
3.92327, -18.99661, 4.92231, 1.0
13.06598, -18.99971, -10.02944, 1.0
1.62572, -15.20219, -12.52561, 1.0
-3.3504, -8.3559, -4.45941, 1.0
-15.64754, 1.06428, -10.53175, 1.0
-4.69782, -17.99857, -11.11681, 2.0
6.74896, -7.41489, -0.57779, 1.0
-18.46099, -14.18392, 5.09556, 1.0
13.30985, 14.75585, 18.99285, 1.0
-7.98055, 18.99918, 15.89596, 1.0
-8.80503, 18.90564, -4.21721, 1.0
-1.64987, -13.78063, 18.99452, 1.0
-4.9821, 3.85388, -11.95442, 1.0
4.02596, -13.23824, 4.73107, 1.0
-17.34674, -2.57544, 11.08397, 1.0
-14.31349, -15.18227, -2.55507, 1.0
10.22491, -17.22417, 7.21, 1.0
11.19898, -18.92963, -9.3116, 1.0
1.12046, 14.07321, 18.61054, 1.0
3.8444, -6.4887, -4.05067, 1.0
6.5431, 5.01186, -15.01806, 1.0
-12.56051, 18.99772, 10.29089, 1.0
1.29267, -8.49717, 0.22461, 1.0
15.47411, 4.95678, -14.84478, 1.0
0.40063, -17.99857, -3.38655, 2.0
-3.34188, 15.6095, -5.9382, 1.0
-1.16099, -18.99546, 6.87102, 1.0
5.83415, -18.40576, 4.94829, 1.0
13.63125, -18.98676, -12.93227, 1.0
-0.85974, -18.99952, -6.20473, 1.0
5.97645, 13.92261, -18.99793, 1.0
-12.19973, -18.99982, -11.43915, 1.0
4.87523, 3.95472, -15.34259, 1.0
7.31483, 17.13452, -11.36265, 1.0
-11.64623, 17.17811, -10.88967, 1.0
-3.38192, -13.00537, -12.54129, 1.0
8.15401, 2.11061, -4.64631, 1.0
-2.66311, -17.79728, -13.52059, 1.0
4.4362, -17.14086, 5.63243, 1.0
2.60962, 7.50677, -0.17704, 2.0
17.52986, -17.61681, -7.35037, 1.0
7.0969, 14.51756, -15.33312, 1.0
-18.88123, 18.99142, -8.60281, 1.0
-2.69628, -15.86262, 18.89411, 1.0
6.55701, -11.19785, 7.92354, 1.0
-9.20964, -15.89084, -16.87085, 1.0
5.39097, 15.30506, 4.8551, 1.0
-1.85097, -18.99539, 8.763, 1.0
10.61043, -1.98293, -6.21887, 1.0
-3.02892, 3.55522, -18.99205, 1.0
-17.54999, -17.05092, -1.74601, 1.0
-5.93495, -18.99709, 2.08206, 1.0
-13.7743, -18.99712, -3.90608, 1.0
-1.92266, 6.98596, -14.59293, 1.0
-6.5744, -14.99523, 10.28186, 5.0
2.1407, -16.05096, -14.26336, 1.0
-17.57618, -15.82485, -10.32852, 1.0
-0.91493, 7.81452, 12.12059, 1.0
-1.32839, -16.92703, 6.88183, 1.0
-3.53924, -11.79356, -15.9333, 1.0
8.91183, 6.64325, 5.05515, 2.0
12.51061, -4.65699, 9.61872, 2.0
10.60359, -0.40989, -4.52912, 1.0
7.82116, 12.38999, 18.71817, 1.0
-6.02771, -18.99489, -6.05319, 1.0
5.43841, 18.9969, -13.8572, 1.0
-8.33405, -17.03058, -15.46095, 1.0
-6.18561, 12.87247, -1.90396, 1.0
2.72248, -17.65051, 1.024, 2.0
-9.75217, -11.93188, -12.47778, 1.0
-8.4409, 17.02876, 15.37062, 1.0
8.33841, -17.74595, -7.89426, 1.0
14.05913, -2.96667, -14.87539, 1.0
-17.061, -14.52785, 13.518, 1.0
-1.26513, -2.15496, -5.56104, 1.0
7.54443, -17.31062, 4.7187, 1.0
-18.91602, 13.19029, 15.70053, 1.0
-7.94125, -17.67234, -3.00757, 2.0
-1.91272, -18.99129, 12.85285, 1.0
-12.95878, 15.93283, 18.99592, 1.0
6.45392, 11.39036, -18.99441, 1.0
-7.02665, -10.68568, -12.32628, 2.0
-18.78801, 16.54507, -13.49566, 1.0
-1.2033, 7.10146, -1.31642, 2.0
-6.22274, -15.50422, -10.43989, 1.0
-10.51647, -18.99615, -2.20142, 1.0
15.2633, 15.0163, 18.64568, 1.0
-17.03767, -10.26807, -5.99253, 1.0
-10.20234, 11.57026, -12.38905, 2.0
3.20876, -17.8615, 16.00861, 2.0
1.14199, -17.88295, 4.7006, 2.0
3.05759, 18.99929, -0.28119, 1.0
-2.32108, -17.12867, 16.09397, 2.0
-15.55644, -3.41569, 11.42327, 1.0
7.64567, -8.7743, 2.89325, 1.0
12.84765, -7.39189, -12.92573, 1.0
-4.1898, -18.99858, 5.3031, 1.0
-10.14442, 17.38164, -7.16276, 1.0
11.68021, 0.00114, 18.99985, 1.0
-18.99921, 0.71167, 2.72211, 1.0
4.22116, -15.75012, 18.9986, 1.0
-10.51534, -16.23314, -2.41333, 1.0
-7.2366, 16.48675, -3.38056, 2.0
-10.31562, -18.99841, 7.8301, 1.0
1.53997, -18.99597, 11.81362, 1.0
14.42973, -16.00652, -14.35439, 1.0
16.61042, -18.99129, 7.35142, 1.0
-11.10825, -14.82261, -7.84168, 1.0
17.14054, 15.16581, -9.17666, 1.0
-7.44694, -18.99974, -10.43211, 1.0
-7.5411, -12.15224, -5.60634, 1.0
-15.63443, -13.63415, 14.60467, 1.0
1.29127, -18.9854, 13.96805, 1.0
6.22545, 8.25263, -17.12051, 1.0
-6.72834, 13.8134, -15.63049, 1.0
11.2056, -3.85544, -7.54649, 1.0
6.28866, -17.04361, 6.38196, 1.0
-15.29454, -7.86179, -0.03896, 1.0
-1.18414, 8.01102, -11.41369, 1.0
-13.27567, -9.65853, -2.30606, 1.0
-8.10567, -18.73278, -0.18763, 1.0
-4.47039, -16.74778, -4.81286, 2.0
2.58113, -12.17538, -11.85861, 1.0
-15.32452, -0.18551, 2.05403, 1.0
-5.4494, -7.34199, -6.53361, 1.0
0.63563, 1.41921, -15.19094, 1.0
9.02191, -18.31643, -6.09477, 1.0
17.02715, 18.99985, -17.09105, 1.0
2.73202, -11.4453, -9.99685, 1.0
-5.23654, -18.98792, -2.96878, 1.0
-3.54006, -14.38817, 16.16148, 1.0
-3.91426, -17.45788, 18.93991, 1.0
-17.8521, -14.25432, -2.26577, 1.0
-10.24729, 16.93571, 9.82638, 1.0
-5.55486, -17.33748, 17.79808, 1.0
0.57269, 8.73178, -12.04737, 1.0
-3.84347, 9.24201, -10.46882, 1.0
2.98237, 3.51739, -16.91693, 1.0
-10.79101, -9.09299, -14.87428, 2.0
10.66807, 1.62844, -3.28625, 1.0
0.54689, -18.99659, -0.548, 1.0
4.02942, -14.07526, 2.22099, 1.0
6.66898, -18.98735, 6.67477, 1.0
-11.67646, 14.74753, -17.05266, 1.0
-8.00297, -18.86245, -5.76328, 1.0
10.63531, -6.76476, 6.22912, 1.0
-10.07321, -15.26226, -13.54333, 1.0
-17.04404, -5.38704, 0.50434, 1.0
7.45068, -18.98956, -5.05544, 1.0
-15.01571, -15.82188, 16.54492, 1.0
-18.32623, -14.26427, -7.2979, 1.0
-4.81817, 18.93158, 1.05861, 1.0
-14.14635, -17.10381, -2.00129, 1.0
17.05866, -6.12766, -14.23732, 1.0
-7.65364, 15.5323, 12.02272, 2.0
3.34092, -15.61647, 3.50361, 1.0
-13.9182, 0.11639, -10.87457, 1.0
-14.44545, 5.09938, 8.21858, 1.0
17.3253, -17.74321, 8.74222, 1.0
13.96274, -3.65986, -8.72047, 1.0
-2.96263, -18.93689, -15.49083, 1.0
-15.45814, -18.99272, 14.11755, 1.0
9.17511, -10.81068, -6.76584, 1.0
-9.42992, -11.61595, -16.3499, 1.0
-3.51547, -18.98816, 14.06181, 1.0
-2.69633, -5.60909, -14.83191, 1.0
5.81971, -18.99987, 16.9764, 1.0
-5.20458, -18.99604, 18.97411, 1.0
-8.82833, -13.96364, -17.2823, 1.0
-6.26165, 17.26447, 17.62698, 1.0
11.97125, -10.85796, -7.86047, 2.0
-17.73407, -17.09335, 17.5001, 1.0
-17.47954, 9.00954, -7.92349, 1.0
13.68974, 5.38609, 4.28452, 1.0
3.60171, -18.14808, 18.99764, 1.0
5.10152, 9.8981, -15.77761, 1.0
-17.96297, -5.3592, 4.47086, 1.0
6.2463, 17.12761, -3.80524, 1.0
3.24944, -2.16102, -4.32001, 1.0
-9.98869, 16.73635, -4.55535, 1.0
-2.86162, -16.05314, -12.5089, 1.0
-17.98424, -9.53052, 3.19484, 1.0
5.99742, -8.62865, 1.76248, 1.0
9.80806, 3.74959, 13.31863, 1.0
-15.90854, -2.60099, 18.99722, 1.0
2.43725, -12.12521, 5.22316, 1.0
-5.44093, 18.95296, 6.93951, 1.0
6.81916, -5.81472, 2.40776, 2.0
-1.62249, -15.75094, -3.16896, 1.0
4.4536, -9.85324, 1.40361, 1.0
-15.90307, -11.61852, -5.04116, 1.0
4.85568, -15.91456, 2.22925, 1.0
-13.8159, -4.65802, -7.43521, 1.0
-12.11726, -18.99792, 18.98279, 1.0
-8.04348, 15.40437, -10.8204, 1.0
5.02596, -13.54462, -13.82856, 1.0
-11.30306, -18.13618, -8.58222, 1.0
-4.10343, -18.99344, -1.28984, 1.0
-0.59811, -2.80312, 0.37082, 5.0
4.09394, 10.19407, 5.21003, 2.0
0.44131, -9.53815, -10.33732, 2.0
7.6151, -18.16759, 17.27552, 1.0
-13.53548, -8.83661, -13.66622, 1.0
18.9994, -6.66328, 12.55435, 1.0
-8.6411, 17.46974, -5.84635, 1.0
-6.35968, 5.07109, -0.03037, 2.0
-18.96865, 14.48948, -12.95736, 1.0
-13.14555, 17.29948, 6.42101, 1.0
-0.42576, -8.73369, -3.89911, 2.0
-12.82108, -3.86797, -4.56329, 2.0
-9.20818, 18.99849, -17.04845, 1.0
9.79725, 12.53468, 18.99346, 1.0
-14.35833, -7.41144, 9.50672, 2.0
11.78955, 16.2268, -7.31696, 2.0
-7.88514, 18.98661, -15.4859, 1.0
-4.4545, 18.9971, 17.23819, 1.0
3.80578, 18.99926, -11.76192, 1.0
-13.66386, 18.99704, 7.78696, 1.0
-17.2639, -18.96603, 6.64033, 1.0
-14.41009, 18.92331, -12.36948, 1.0
6.29782, 16.23522, 7.56308, 2.0
-5.57259, 17.63198, 14.72811, 2.0
-13.9431, -15.45763, -10.62766, 1.0
-18.8794, 10.83132, 8.24187, 1.0
1.37367, 18.91992, 18.82402, 1.0
5.36086, 2.88569, -1.71482, 1.0
-9.43248, 18.99504, -13.03509, 1.0
-9.40132, 17.65855, -9.68455, 1.0
-7.297, 7.64337, -8.7858, 1.0
12.7762, 18.98028, 13.65821, 1.0
-1.33537, 17.0686, 5.67524, 1.0
-3.424, 18.99112, 18.99639, 1.0
8.79646, -12.4952, -8.1553, 1.0
9.25749, 18.99801, -14.14109, 1.0
13.63585, 17.30742, -3.87029, 2.0
-3.6658, 18.20324, -3.8648, 1.0
-13.12019, 8.34942, -16.47501, 1.0
12.34411, 18.76666, -17.36584, 1.0
-14.83405, 15.44959, -6.00808, 1.0
-9.817, 15.91423, -8.72814, 1.0
-15.85398, -4.73574, 9.41547, 1.0
3.59369, -13.36806, -10.12875, 1.0
-2.45532, -12.66722, 17.53908, 1.0
-6.19058, 12.52547, -14.19246, 1.0
18.99842, 13.51449, -6.41927, 1.0
-18.96589, 18.99378, -15.56431, 1.0
-18.68284, 9.83822, -9.34506, 1.0
8.28295, -17.51724, 6.66439, 1.0
5.32885, 13.58878, -15.46329, 1.0
-2.29355, 18.98516, -5.09271, 1.0
7.68899, 17.25108, -2.16535, 1.0
-12.82629, 15.3761, 10.36225, 2.0
9.03499, 18.99443, -4.75246, 1.0
-7.35636, 12.2538, -17.17896, 1.0
5.42409, 18.99443, -4.38128, 1.0
3.40514, -8.15674, -7.6932, 1.0
5.09919, 18.92558, -2.04109, 1.0
4.94292, 3.25565, -17.21541, 1.0
8.09258, 17.51821, -13.46718, 1.0
9.60304, 18.99045, 17.3776, 1.0
18.40818, 11.33119, -4.42085, 1.0
-5.21186, 18.99083, 4.95038, 1.0
-5.4936, 9.23088, -7.90343, 1.0
-11.84208, -9.11844, -12.06283, 1.0
-11.4648, -11.68695, -13.48534, 1.0
16.06023, 17.13624, -11.26858, 1.0
-10.42914, 13.77267, -6.94144, 1.0
8.4477, 13.46582, 17.13325, 1.0
-15.90946, -6.83032, -12.89259, 2.0
-10.05042, 18.99833, -5.78379, 1.0
-0.54725, 18.99669, 16.10675, 1.0
7.60112, 18.9996, -10.6953, 1.0
-3.12334, -7.5576, -14.68547, 1.0
12.87482, 0.9646, 2.2023, 1.0
-18.99995, -12.95753, 3.16429, 1.0
-4.67444, -5.1497, -5.03024, 1.0
-18.44788, 13.60213, -8.9485, 1.0
4.55535, 17.55011, -0.31352, 1.0
6.91105, 18.99543, -1.18659, 1.0
-1.1187, 7.778, 5.68317, 1.0
-11.44374, -6.13476, -14.69121, 1.0
12.16768, -9.69949, 4.56096, 1.0
-18.96474, 13.28767, -5.35882, 1.0
-1.27227, 18.99443, 11.01441, 1.0
6.18932, 17.66171, 18.99607, 1.0
-15.26052, -12.9269, 16.8881, 1.0
18.99998, 1.44394, -16.43171, 1.0
12.10198, -5.48731, 6.70589, 1.0
-2.59999, 16.63491, 17.22361, 2.0
-3.91075, 18.99941, -0.72389, 1.0
-13.62245, 15.46498, -13.88501, 1.0
-17.30578, 15.95491, -14.78171, 1.0
6.49734, -17.25569, -4.7097, 1.0
1.628, -10.83079, -12.99873, 1.0
5.69273, 18.99808, -6.45943, 1.0
8.0098, 18.99829, 9.67581, 1.0
-15.37672, -8.76528, -4.24777, 1.0
-7.39766, 8.46421, -3.37346, 1.0
-16.43043, 18.98854, 15.9909, 1.0
-8.14349, 18.98064, 13.43207, 1.0
-4.36296, -14.81499, -10.6979, 1.0
1.69477, -11.26008, -3.53965, 1.0
-17.61724, 13.92534, -6.70586, 1.0
-9.77107, 17.12951, -11.58682, 1.0
-18.34495, 17.04789, -16.45435, 1.0
2.81499, 13.91082, -16.7521, 1.0
-5.57159, -0.72708, -4.10318, 2.0
-4.83608, 17.56976, 18.99647, 1.0
17.0628, 9.61707, -7.90849, 1.0
8.66353, -15.77442, -9.43312, 1.0
-10.4144, 17.86715, 7.7863, 1.0
-12.84793, 18.95542, -10.92378, 1.0
-17.71999, -12.63341, 18.99708, 1.0
-14.78842, 10.93629, 8.70668, 1.0
5.56968, 18.99756, 5.40897, 1.0
-9.94521, 2.96909, 16.49907, 1.0
11.80024, -7.63795, 4.42815, 1.0
14.1577, 18.99991, -9.46177, 1.0
8.23584, 17.97127, -7.92978, 2.0
2.34151, 1.29844, -14.14665, 1.0
-7.63828, 18.99945, -1.79071, 1.0
-2.63482, 9.22086, -12.07161, 1.0
-1.44544, 18.99784, 18.68962, 1.0
-13.31239, -12.17115, -11.23783, 1.0
6.33205, 18.96856, 17.18849, 1.0
-9.66357, 2.7007, 7.53997, 1.0
8.68124, -18.99479, 12.10672, 1.0
14.38479, 4.1733, 6.78682, 1.0
4.89489, -18.97865, -2.08428, 1.0
10.32972, -8.63465, 5.35668, 1.0
-17.2843, -3.89179, -7.07436, 1.0
17.70199, -5.17052, 12.85447, 1.0
3.36571, 18.9992, 18.66376, 1.0
10.27788, 0.36334, -9.81705, 1.0
-3.61879, 18.99916, -6.59579, 1.0
12.71429, 17.11839, -15.35108, 1.0
-17.52585, 0.95764, 5.32867, 2.0
-6.99336, 10.31469, -16.84787, 1.0
-12.81242, 11.5828, -5.47883, 1.0
11.41067, 15.33018, -10.68643, 1.0
17.03525, 14.57027, 3.15861, 1.0
-0.40485, 14.13046, -0.90138, 5.0
-16.49767, -7.6809, -1.63137, 1.0
-16.40381, 17.78216, 13.2406, 2.0
5.91, -16.80657, 3.68186, 1.0
-17.50702, -12.21259, -6.12512, 1.0
4.00668, -14.72027, -6.20754, 1.0
1.92848, -13.78058, -4.83244, 1.0
3.139, -9.06422, -2.07418, 2.0
-6.74899, 12.14525, -10.44915, 2.0
-7.48709, 14.26313, -12.4571, 1.0
-3.85757, 17.68194, 10.21235, 2.0
-3.84016, 6.75535, -3.09384, 1.0
1.33963, 17.9961, 4.6796, 2.0
-18.30227, 11.76456, -9.74431, 1.0
-0.28865, 17.99497, 8.35809, 2.0
-1.73936, 9.56259, -13.82699, 1.0
-9.60032, -13.62457, -14.59451, 1.0
2.28612, 10.36939, -14.40584, 1.0
-7.63392, 8.05895, -17.22387, 1.0
2.23972, 17.99895, 15.61658, 2.0
-14.36953, 18.99682, -9.45665, 1.0
7.6967, 18.99944, 18.99767, 1.0
-7.36445, 5.27655, -13.46517, 1.0
-12.80017, 17.93082, 18.99742, 1.0
-6.87329, 18.68578, -5.87931, 1.0
-7.52289, 12.27267, 11.83034, 1.0
3.01497, 0.50271, -10.48232, 1.0
-17.87823, -8.66564, 18.99734, 1.0
4.74705, 16.16095, -6.22165, 2.0
-4.27814, 12.07178, -14.56934, 1.0
-12.94089, 15.08815, -6.54274, 1.0
-7.27585, -16.74238, 16.1725, 1.0
-13.24623, 18.99668, 14.23701, 1.0
-16.22314, 13.76713, 18.9529, 1.0
-1.4856, 17.88206, 3.67274, 1.0
6.09125, 12.75292, 4.79753, 1.0
17.97998, 18.99948, 15.74048, 1.0
-16.13985, 4.19983, -3.53619, 1.0
4.26054, -2.62472, -13.35077, 1.0
-17.39095, 0.47066, -2.45148, 2.0
9.02358, 14.07339, 5.53544, 2.0
-0.73518, 1.7665, -18.73924, 1.0
-14.39462, 3.85414, -4.47969, 1.0
4.11369, -0.40429, 15.16947, 1.0
-18.74321, 18.98579, 11.79348, 1.0
-4.83092, 6.2487, -11.24836, 1.0
-5.49393, 18.9659, -7.30218, 1.0
-17.06073, 18.9979, 18.65121, 1.0
-7.8307, -8.77049, -14.49609, 1.0
-2.41805, -14.58999, -10.28762, 1.0
-6.42111, 5.03453, -11.217, 1.0
11.14834, 18.31975, -5.22207, 1.0
-5.20665, 11.69113, -16.77148, 1.0
12.75937, 18.99994, -6.19342, 1.0
-11.33844, 16.84268, -12.91027, 1.0
-0.84491, 14.10858, 18.99315, 1.0
-2.10321, -2.46017, -8.25258, 1.0
-7.60955, 17.99952, 8.84597, 2.0
16.06006, 12.94032, -7.23154, 1.0
0.4782, 9.52973, -14.21043, 1.0
15.83532, -5.08285, 16.67269, 1.0
-3.72974, 18.99936, -8.90121, 1.0
-15.32531, -11.39228, -11.00748, 1.0
-10.15113, 15.60884, 0.48312, 1.0
4.77811, 18.9999, -9.81343, 1.0
-7.7115, 14.21104, -17.38708, 1.0
4.28129, 18.87415, -7.87554, 1.0
-18.99994, 16.63859, -8.83751, 1.0
-18.99923, 8.22257, -6.61595, 1.0
-5.02773, 1.87951, -11.60018, 1.0
3.61543, 17.72733, 6.65224, 1.0
3.54197, 15.91392, -15.4602, 1.0
0.42983, -11.86702, -8.44446, 1.0
-13.01638, -17.31968, 7.19194, 1.0
-12.50393, -6.40404, -10.68044, 1.0
-15.69686, -14.44431, -0.1127, 1.0
-12.19594, 17.83322, 8.70433, 1.0
-6.42899, 7.14152, -15.91497, 1.0
10.31182, 17.9996, -11.50636, 2.0
-11.98469, 18.98059, -5.15705, 1.0
17.69855, 2.6774, 7.06312, 1.0
14.37046, -2.6489, 18.99981, 1.0
-4.87555, 2.73249, -14.63572, 1.0
0.23569, 14.24114, 5.06985, 1.0
-13.63692, -14.31673, -15.66416, 1.0
5.71026, 15.69767, -11.85074, 1.0
-9.93189, -10.06621, -17.5951, 1.0
-16.85962, 15.82347, 17.43573, 1.0
12.11899, 1.58704, 7.22526, 1.0
-2.05465, 17.14633, -5.84238, 1.0
-5.91039, 18.95473, -0.6927, 1.0
-11.1453, -9.27795, -18.9966, 1.0
-1.96501, 8.97167, -9.8351, 1.0
-12.02795, 18.89603, -8.86028, 1.0
5.58799, -10.15032, 6.1693, 1.0
-6.93368, 17.6891, 2.86201, 2.0
3.72486, 14.91169, 17.51437, 1.0
-6.36258, 18.99391, -10.43855, 1.0
16.43817, 11.17864, -4.73151, 1.0
-15.57824, 2.32244, -3.96353, 1.0
2.48553, 9.23003, -11.73158, 1.0
18.99871, 10.74331, -14.20279, 1.0
-13.97275, 14.0371, -17.3486, 1.0
-12.9634, 10.10602, 5.24878, 1.0
12.01773, 18.99621, -15.33697, 1.0
5.85637, -13.50986, 5.49717, 1.0
-10.07806, 18.69403, 13.00617, 1.0
-9.17654, 18.95101, 11.22143, 1.0
-11.4823, 18.99598, 17.92557, 1.0
-5.80924, 7.29355, -7.49206, 1.0
-17.17405, -10.49661, -15.90252, 1.0
2.87995, -11.61953, -6.72801, 2.0
11.20056, 18.87053, -1.4015, 1.0
3.78196, 18.77931, -14.97371, 1.0
-5.75055, 9.07105, -9.88724, 1.0
-8.84402, 18.87719, 17.69695, 1.0
-12.83237, 2.12611, -0.38793, 1.0
14.48525, 11.56687, -4.92535, 1.0
-10.97418, 18.07861, 11.32694, 1.0
-15.0838, 18.99809, 18.26958, 1.0
2.92528, 13.79628, -5.89193, 1.0
-5.35913, 18.9952, -4.59137, 1.0
-15.67086, 2.83328, -11.85255, 1.0
-14.3634, 18.99544, 11.39923, 1.0
9.57034, 15.42037, 8.16802, 1.0
-7.89956, 18.99247, -11.73105, 1.0
-8.94623, -11.74203, -14.38157, 1.0
-10.19231, -12.80952, -10.73384, 1.0
-11.64769, 16.93929, 15.73535, 2.0
-16.11561, 10.15642, 6.15549, 1.0
-9.30467, 15.63344, -6.30822, 1.0
-5.81713, 18.9985, 12.06661, 1.0
13.83433, 6.08891, 1.97014, 1.0
13.08811, 14.73537, -9.75751, 1.0
3.18874, 18.99629, 2.08114, 1.0
-0.51506, 18.9018, -18.93715, 1.0
-15.70137, 15.73143, 11.15245, 1.0
-7.90584, 1.66431, -1.03313, 1.0
-10.06313, 18.9999, -8.35444, 1.0
-10.02248, 6.81509, 11.89426, 5.0
10.8944, 2.92254, 8.07788, 1.0
-0.83958, -15.34291, -1.07342, 1.0
4.30235, -13.74992, -8.29539, 1.0
-3.70947, 10.43191, 3.41743, 1.0
-18.65459, -18.67751, -1.3038, 1.0
-15.23102, -10.84898, -7.16044, 1.0
-9.37188, -2.63795, 6.98953, 2.0
-2.57073, -6.5021, -6.69047, 2.0
5.85624, 2.7446, -11.46934, 1.0
2.03822, -14.60769, -1.49903, 2.0
-16.02855, -2.86735, 8.67967, 1.0
5.99542, -15.06834, -15.31959, 1.0
2.56808, -9.95403, 0.74192, 1.0
13.72946, -7.68596, -1.93777, 1.0
-2.23266, 13.52709, 13.02583, 1.0
5.31266, -8.71512, -5.43751, 2.0
-16.47876, -9.33758, 0.62374, 1.0
-4.41695, -0.78967, -16.368, 1.0
-13.14478, 13.37778, -10.36944, 2.0
-13.48919, -13.99771, -3.9398, 1.0
3.69586, -15.7, -15.47143, 1.0
14.45471, 11.8312, -13.64951, 2.0
-4.30047, -8.95671, -6.81273, 1.0
-3.50157, 7.41758, -12.18448, 1.0
6.58405, 8.68107, -15.19935, 1.0
16.18571, 8.86903, -6.25534, 1.0
5.45292, 15.42983, -3.06184, 1.0
-3.5163, -9.62097, -9.72322, 2.0
-14.77997, 6.74363, -12.24225, 1.0
-1.42376, 12.606, 6.49512, 1.0
-7.67071, 18.99807, 0.26227, 1.0
17.84558, -6.73473, -16.23571, 1.0
1.5497, -12.34055, 2.26381, 2.0
7.97099, -16.61161, -5.90102, 1.0
14.69699, -4.36445, -13.33659, 1.0
4.81771, 0.36015, 17.99508, 2.0
-6.56322, 3.86326, -16.63933, 1.0
0.5445, -14.96095, 5.10504, 1.0
5.90097, 11.75582, -16.02905, 1.0
-7.705, 8.90891, -10.28034, 1.0
-6.45269, -5.93413, -5.51351, 1.0
-15.88776, 8.09737, 5.6787, 1.0
9.72847, -18.99656, 18.97834, 1.0
-2.30454, 12.11802, 10.82618, 1.0
8.3827, -3.72701, 5.45468, 2.0
6.04227, -12.77327, -8.43299, 1.0
12.53228, -1.85408, 18.99771, 1.0
-10.07969, -14.42855, -3.1648, 1.0
-18.64432, 0.45664, 0.27444, 1.0
8.73756, -13.16928, 17.45996, 1.0
1.68392, -14.90863, 8.4585, 1.0
-10.3417, 13.84111, -14.36126, 1.0
8.62072, 0.74114, -6.69508, 1.0
-6.01447, -9.98906, -6.76565, 1.0
-18.93973, 14.48224, 2.00585, 1.0
-3.36161, 9.42098, 6.83424, 2.0
-2.43615, -10.89864, -12.47768, 1.0
-17.60178, -18.9997, 0.38023, 1.0
5.64879, -15.63523, -5.52016, 1.0
15.8473, 15.25475, -5.11108, 1.0
-16.44022, 3.5949, 4.38466, 1.0
15.6762, -4.51264, -16.09433, 1.0
-9.08136, 10.30804, -9.89048, 1.0
-7.02164, 1.47052, 15.09942, 1.0
13.84048, -5.5093, 5.63718, 1.0
-16.49349, 6.95656, -17.00939, 1.0
-1.74395, 17.91586, 12.63977, 1.0
-8.31407, 8.10953, -13.10901, 2.0
18.99986, 14.81868, -8.51988, 1.0
8.56815, -18.98806, 10.10697, 1.0
8.55391, -6.95967, -1.30944, 1.0
-13.63128, -12.8261, -14.32608, 1.0
-12.50321, -11.61106, -8.84326, 1.0
-5.24155, -16.26152, -8.56514, 1.0
-1.63715, 11.50179, 8.16473, 1.0
12.65383, -5.2896, -5.90195, 1.0
-7.26268, -11.38087, -7.47873, 1.0
3.63287, -11.66984, -3.8163, 1.0
-0.73543, -16.56275, 2.2586, 1.0
4.32341, 14.37383, 6.27836, 1.0
-8.42791, 11.10711, -8.17386, 1.0
-0.50764, -4.38011, -10.22866, 1.0
8.08323, -11.69473, -17.12616, 1.0
-7.05665, -14.32014, -1.00423, 2.0
3.82705, -15.23214, 5.40792, 1.0
-3.03777, -8.53488, -12.48194, 1.0
-5.29797, -16.82292, 15.88138, 1.0
-1.26461, -18.03566, -14.93489, 1.0
4.69106, -5.67341, 0.28502, 1.0
-6.50685, 3.89721, -14.63973, 1.0
-15.82067, -16.13134, 13.68522, 1.0
-8.14975, 14.45252, -0.40193, 1.0
4.08757, -13.50207, -12.06285, 1.0
-8.69317, -13.85337, -4.48875, 1.0
18.99996, 14.94513, 3.15768, 1.0
-13.88063, -10.38074, -12.09389, 1.0
7.19168, 1.69144, -17.52469, 1.0
6.89383, -1.9671, -12.73198, 1.0
-15.88059, 12.07475, 6.68972, 1.0
-1.36489, -18.99947, -1.15418, 1.0
-17.29628, -5.85339, -1.43564, 1.0
-1.56745, 15.15484, 5.12827, 1.0
-14.55074, -13.72985, -11.43504, 1.0
-1.84155, -1.30437, 10.40197, 1.0
-13.12909, -7.21478, -14.76471, 1.0
-0.39619, -18.00826, 0.91549, 1.0
-13.14116, 9.01929, -13.34548, 2.0
6.45661, 10.23542, -17.24989, 1.0
-11.12735, 15.63678, -7.1906, 1.0
10.19164, -16.03905, 18.8029, 1.0
-15.56844, -16.18603, 2.60299, 1.0
12.49255, 12.9363, -15.63284, 1.0
-14.15811, -12.0521, -5.95719, 1.0
-6.31899, 15.15215, -0.85447, 1.0
4.88177, 17.43844, -12.40257, 1.0
3.00844, 13.5356, 18.99707, 1.0
-6.88267, 16.17564, -8.14512, 2.0
8.47272, -17.05076, 18.95091, 1.0
14.75451, 14.85309, 16.71817, 1.0
-8.08468, -12.95958, -15.71944, 1.0
-1.15666, -18.99432, 2.48951, 1.0
17.30239, 15.15674, -3.02585, 1.0
-12.84934, -15.83459, 4.11453, 1.0
-14.03642, 13.20467, -14.83847, 1.0
-8.37441, -13.36995, -12.29095, 1.0
13.92303, 11.93876, -16.61307, 1.0
9.48393, -14.09905, -13.17708, 1.0
8.61008, 11.48072, -18.92304, 1.0
0.40551, -16.37836, -15.2209, 1.0
18.99996, -0.21277, -11.44138, 1.0
13.33755, 0.02439, 7.52119, 1.0
2.3807, -8.35254, -4.89347, 1.0
0.03069, 10.53898, 7.6217, 1.0
15.43691, -17.39958, 18.06228, 1.0
-3.35615, 11.7178, 9.16536, 1.0
-18.99494, 13.65387, 13.62542, 1.0
12.97883, -10.366, 18.57668, 1.0
4.47486, -13.79503, 8.46119, 2.0
11.41541, -15.5868, -7.42587, 1.0
-4.18571, 10.55113, -8.99525, 1.0
4.08127, 6.10157, 10.47845, 1.0
6.09222, 12.49982, 17.70925, 1.0
-1.11905, 2.54494, 14.98633, 5.0
-11.31593, 14.12245, -3.91742, 2.0
18.99772, 14.42421, -2.25149, 1.0
-14.60692, -4.57917, -1.05314, 2.0
17.33615, -6.72299, 18.14225, 1.0
-13.04233, 18.93098, 5.26152, 1.0
-6.75346, 12.99995, 1.82557, 2.0
0.20244, 17.02046, 13.3385, 1.0
5.02979, 5.9447, 16.21016, 2.0
10.00962, 12.18512, 14.91334, 2.0
17.06057, 8.36069, 18.53397, 1.0
-13.1366, 16.35236, 13.19275, 1.0
8.49777, 14.53277, -12.36476, 2.0
7.94213, 1.64129, 14.36314, 2.0
-18.99602, 14.59574, 0.00921, 1.0
-18.44269, 4.12864, 10.44943, 1.0
0.47053, 7.22931, 3.19602, 2.0
11.03741, 17.05424, -14.2622, 1.0
16.90777, 13.88895, 18.47438, 1.0
-14.27972, 14.31578, -4.3419, 1.0
-7.32661, 18.99319, 18.99953, 1.0
-8.55722, 8.47627, 17.47583, 1.0
9.03798, 11.5266, 7.1225, 1.0
-16.33321, 13.85168, -8.30517, 1.0
-13.09701, -2.2824, 8.42022, 2.0
-17.17281, 4.19346, -1.31865, 1.0
-17.4574, 17.71393, 17.14797, 1.0
1.96931, 12.06318, 4.21337, 1.0
1.34145, 18.99754, 10.67647, 1.0
14.91897, 3.85885, -0.00148, 1.0
3.7293, 17.03249, 18.63244, 1.0
3.37087, 2.79857, -1.52557, 1.0
-14.33077, 7.04625, 7.71266, 1.0
-16.20824, 1.23513, 0.2093, 1.0
8.69875, -7.27068, 6.2135, 1.0
16.1405, 5.15705, 18.99965, 1.0
7.28657, 15.97091, 18.99441, 1.0
15.80131, 12.39295, 1.00853, 2.0
-12.51087, -5.03686, 9.54322, 1.0
-8.47004, 9.80788, 18.97469, 1.0
10.85325, -2.64885, 18.25296, 1.0
-10.01249, 18.99891, 0.27061, 1.0
15.37524, 17.28021, -7.57714, 1.0
-11.47174, 16.1974, 7.44836, 1.0
-0.31989, 10.36653, 5.48328, 1.0
8.6145, 18.99912, 1.18847, 1.0
-4.56831, 14.19493, -5.22175, 1.0
-7.36914, 17.0162, 5.82449, 1.0
-8.22976, 3.00742, 2.05916, 1.0
17.97924, 14.64599, -10.92177, 1.0
0.40897, 18.99704, 12.50903, 1.0
-13.24148, 17.90467, -4.03295, 1.0
3.04314, 12.97374, 5.63775, 1.0
-16.42985, -14.42943, 16.27445, 1.0
17.51592, -4.36195, 17.48928, 1.0
1.98988, 15.06946, 4.5547, 1.0
-5.44362, 14.79388, 5.19437, 2.0
-8.38992, 15.48688, 1.43502, 1.0
3.06329, 3.84175, 9.4018, 1.0
4.92773, 0.19868, -4.02487, 1.0
-0.32034, 7.54782, -13.41801, 1.0
-9.07865, 17.30904, 0.79629, 1.0
-18.99957, 0.79945, 15.37896, 1.0
14.68758, 15.47236, -7.06188, 1.0
12.70676, 1.65446, 0.22639, 1.0
-15.06991, 9.505, 10.07687, 1.0
0.16121, 15.80331, 6.35395, 1.0
-12.63956, 14.39669, 13.19341, 1.0
0.27332, 12.28271, 5.48306, 1.0
8.53783, 17.32444, 17.69043, 1.0
5.60251, 17.17937, -9.67303, 1.0
7.96093, 10.451, 4.20969, 2.0
-7.6281, 16.75464, 18.99986, 1.0
-8.8391, 11.80279, 18.9925, 1.0
-16.9433, 14.44986, 10.23229, 1.0
-14.31919, 18.89338, -0.62182, 1.0
10.9678, -14.69517, 4.64208, 1.0
5.33049, 15.95774, 18.09785, 1.0
-1.94236, 9.50706, -7.47092, 1.0
-8.5967, 15.02428, 15.37967, 1.0
-15.04663, 17.04581, 17.81665, 1.0
-5.5686, 13.16934, -3.80713, 1.0
8.28177, 3.82046, 4.25297, 1.0
13.89762, -15.61455, 3.32384, 1.0
12.80853, 4.83986, 9.14917, 1.0
-7.53141, 16.94991, -0.42984, 1.0
6.09804, 18.82883, 9.10429, 1.0
-12.25173, 17.11718, -7.97222, 1.0
-1.0805, 15.75837, 12.22045, 1.0
11.32567, 12.9906, -17.26362, 1.0
-3.66364, 5.24469, -12.55751, 1.0
-14.33458, -5.75008, 2.47796, 1.0
-10.91785, 17.99953, 3.09624, 2.0
0.07785, 15.99311, 15.05418, 1.0
-18.99947, 13.24905, 11.09662, 1.0
2.50289, 15.47884, 18.99378, 1.0
-3.29213, 12.91177, 4.21672, 1.0
8.36868, 5.13838, 13.45603, 1.0
-8.39632, 18.98397, -7.14185, 1.0
-13.84967, 15.55155, 17.23203, 1.0
10.8187, 17.52478, 16.25392, 1.0
6.1501, 15.49205, 16.32902, 1.0
-0.7814, 18.91595, 14.11448, 1.0
-12.23021, -2.83513, -1.66096, 1.0
-1.94646, 11.12984, 4.0664, 1.0
7.38827, 17.26543, 3.76038, 2.0
8.27458, 18.93335, 11.79526, 1.0
-16.52551, 11.92104, 8.57929, 1.0
3.34917, 15.69306, 7.45538, 1.0
-9.17445, 9.43502, -7.35436, 1.0
6.67528, 14.31082, 3.68205, 1.0
-15.58067, 2.96543, -1.66953, 1.0
-15.36377, 18.99452, 6.20915, 1.0
1.36071, 9.72877, 6.36237, 1.0
11.58645, 18.94866, 3.80122, 1.0
-17.8644, 15.16825, 15.83441, 1.0
-3.0771, 18.99784, 3.19801, 1.0
-4.91869, 15.03494, 9.27913, 1.0
11.96447, 13.50778, -13.56404, 1.0
15.29834, 13.3346, -5.39272, 1.0
5.14449, 17.00699, 1.78356, 1.0
-15.30118, 14.49051, 16.31809, 1.0
4.88543, 14.22628, 18.99735, 1.0
5.35532, 6.73578, 6.88849, 2.0
-3.75876, 13.08795, 11.80306, 1.0
2.07545, -14.50971, -6.69125, 1.0
-18.10838, 14.28574, 4.19462, 1.0
18.99651, 18.90113, -11.34895, 1.0
-16.25026, 13.36448, -5.35104, 1.0
-10.42492, 11.21966, -8.13067, 1.0
16.52632, 17.08179, -2.13449, 1.0
13.97415, 2.3512, 5.15809, 1.0
-7.62897, 14.19481, -5.27786, 1.0
-7.05363, 18.99133, 5.73231, 1.0
1.67974, -1.28776, -5.20744, 1.0
7.18061, 15.63717, -9.90298, 1.0
-11.63223, 18.83643, -1.83579, 1.0
-2.93232, 18.99498, 7.35039, 1.0
2.13245, 14.18577, 6.95495, 1.0
-10.83442, 12.97502, 15.12225, 2.0
-14.65936, 5.96797, 18.99903, 1.0
5.39747, 17.34143, 16.48738, 1.0
1.84377, 11.66142, 6.55715, 1.0
5.50371, 18.99925, 2.17407, 1.0
-0.17231, -8.32108, 14.08959, 5.0
-11.28958, 10.67784, 17.75838, 1.0
-10.49975, 8.7613, 17.86498, 1.0
13.69518, 3.10354, 3.31326, 1.0
15.77823, -9.47415, 2.07263, 1.0
2.15606, 1.00701, 8.99234, 2.0
10.68215, -5.30367, -6.25312, 1.0
-18.99957, -11.0927, 3.92386, 1.0
12.41668, 2.86897, 1.79169, 1.0
14.02282, -0.05555, 0.90319, 1.0
0.45352, -11.94775, 5.03573, 1.0
10.55525, -0.08996, 3.48546, 1.0
13.76266, 7.87579, -9.41562, 2.0
7.3364, 17.2373, 10.3494, 1.0
-15.49448, -2.73082, 2.18737, 1.0
-16.28028, -12.11766, 0.31863, 1.0
11.02894, 2.67215, 4.62995, 2.0
17.3484, -5.52517, 15.43251, 1.0
3.00765, 11.57974, 18.30304, 1.0
14.07221, -4.76023, -2.06105, 1.0
1.36002, 6.81324, 7.07771, 2.0
-8.66422, 1.78231, 6.06542, 1.0
14.5669, 3.53402, 8.70597, 1.0
8.71595, -7.8756, 13.36764, 1.0
-13.82424, -12.46009, -1.37745, 2.0
-14.98549, -9.42163, 3.22695, 2.0
-1.41844, -11.53638, 18.9999, 1.0
-4.82742, 8.70189, -0.74714, 2.0
15.90617, -5.06792, 11.97556, 1.0
4.4941, -3.34136, 15.66578, 2.0
-15.01871, 3.90327, 3.00362, 1.0
-14.5842, -15.36689, -8.51716, 1.0
-13.59099, 2.26335, 3.0401, 1.0
-18.9997, 2.89698, 15.63264, 1.0
-14.50357, -9.69851, 0.26999, 1.0
-3.83411, 10.01713, -7.06637, 1.0
-5.42801, 7.1265, -9.54018, 1.0
0.66753, -14.59961, -8.60703, 1.0
-12.70894, 3.56519, 6.30498, 2.0
-10.61919, 1.43534, 5.81177, 1.0
5.30359, 7.01679, 18.99967, 1.0
-16.40187, 3.87006, -6.71446, 2.0
18.999, -7.47012, 18.98787, 1.0
-14.53765, -10.16596, -5.4054, 1.0
-18.79304, -9.82907, 8.9548, 1.0
-17.61476, 2.95672, -4.12074, 1.0
15.25253, 0.86067, 2.2027, 1.0
13.84899, -11.53647, 17.20436, 1.0
3.31027, 7.01282, 18.83614, 1.0
9.49868, -6.38605, 7.84139, 1.0
14.25419, -4.64221, 18.84133, 1.0
-15.63322, 1.99013, 3.23228, 1.0
4.70265, -12.6411, 11.25168, 1.0
18.18173, 5.19206, -10.33403, 1.0
10.90186, 1.07756, 1.8942, 1.0
-15.98376, -12.84091, -3.43323, 1.0
-16.88775, -11.45653, 2.11209, 1.0
-7.24029, 9.16259, -6.92412, 1.0
0.34166, -12.38574, -2.58953, 1.0
8.50257, -8.73526, 7.56423, 1.0
2.08101, -2.41616, 11.06999, 2.0
-18.27784, -11.68447, -7.90823, 1.0
-13.91383, 7.92408, 5.95749, 1.0
12.72227, -8.10977, 1.71474, 1.0
11.22134, 9.91408, 3.37679, 1.0
-0.83898, 1.03997, 8.82259, 1.0
-10.81968, 12.18427, 18.99982, 1.0
18.08327, 9.14094, -5.68367, 1.0
3.84945, -14.02549, -4.32944, 1.0
-17.568, 17.27972, 1.24021, 1.0
-3.51123, -9.22664, 18.99255, 1.0
-18.99703, 11.29484, 4.3348, 1.0
17.01661, 6.82946, 12.7338, 1.0
7.36717, 12.97506, -1.99584, 1.0
-10.93753, 13.17919, 2.13463, 1.0
-2.56954, 0.37152, 9.57585, 1.0
-14.83729, -9.20929, 17.91683, 2.0
-13.66854, -2.4141, 2.94025, 1.0
-16.03767, -5.2026, 12.19501, 1.0
15.04093, 11.15065, -6.80829, 1.0
1.74276, -11.62357, -1.34636, 1.0
-15.18157, -9.04652, -2.27639, 1.0
11.38346, 4.65238, 7.13525, 1.0
-15.09563, -4.57426, 18.99604, 1.0
6.09151, -3.3977, 0.77765, 1.0
1.32381, 6.81135, 18.95511, 1.0
-13.25634, -11.52643, 18.99393, 1.0
10.46339, -0.09636, 5.64231, 1.0
6.16474, 4.60974, 18.9887, 1.0
-18.93668, -11.60885, 5.86238, 1.0
6.56065, -9.21676, 7.6478, 1.0
-1.35087, 14.87135, 14.21629, 1.0
-17.63656, -10.64164, 18.80258, 1.0
-0.05684, -0.93497, 9.5725, 1.0
-16.85957, -11.59303, 4.11723, 1.0
-6.4966, 5.46063, -9.24689, 1.0
-12.95634, -0.12264, 4.75283, 2.0
-17.39248, 5.58747, -8.96762, 1.0
-15.79737, -6.74388, 1.54216, 1.0
-14.19136, -4.57152, 10.52721, 1.0
-17.77577, 11.20083, 6.61338, 1.0
-6.49074, -16.53673, -7.02281, 1.0
-16.83025, -17.2735, 1.48978, 1.0
-5.75158, 13.20471, 11.92708, 1.0
-18.93589, -5.82017, 18.98308, 1.0
4.89149, 11.5316, 18.9854, 1.0
9.91908, -13.67546, 18.99475, 1.0
-17.18881, -4.83923, 18.99398, 1.0
-16.00484, -17.33279, -0.3354, 1.0
10.17206, -6.47494, 10.09899, 1.0
-12.9461, 5.62837, 16.99891, 1.0
14.06287, 0.86954, 3.81091, 1.0
13.32946, -6.44971, 3.92276, 1.0
-18.91109, -10.06268, 1.50356, 1.0
-6.50806, 1.80403, -5.43409, 1.0
18.36065, 7.74079, -7.67712, 1.0
-17.15279, 7.20424, 17.06082, 2.0
14.62033, 3.33399, -14.04242, 1.0
-11.09569, -15.19777, 6.32903, 1.0
-13.0939, -15.27599, 6.29481, 1.0
1.32273, 3.01248, -13.92922, 1.0
15.34124, -10.20217, 17.18875, 1.0
17.03218, 11.24735, -6.64288, 1.0
3.12922, 2.73281, -12.98049, 1.0
13.43229, -8.41415, 3.5606, 1.0
5.34166, 17.28103, 10.21109, 1.0
18.99979, 10.42254, -2.72266, 1.0
-5.1474, -4.18519, -3.2917, 1.0
-12.52957, 10.59584, 15.82488, 1.0
9.9362, -1.52053, 9.37004, 2.0
12.8139, 3.3948, 7.75071, 1.0
-18.97005, -14.66402, 2.1029, 1.0
13.21211, -4.26043, 3.01441, 1.0
4.00336, 8.52545, 17.34966, 1.0
2.46125, 7.32583, 16.91474, 1.0
-17.93036, -9.03416, -12.64556, 1.0
14.76941, -9.57014, 18.99864, 1.0
5.92787, 10.28193, 2.00932, 1.0
